DateTime,Actual,Predicted,Residual
2025-09-01 08:00:00,136.03,157.5740659840044,-21.54406598400439
2025-09-01 09:00:00,166.93,180.27420101394407,-13.344201013944058
2025-09-01 10:00:00,223.47,197.66079184173282,25.809208158267182
2025-09-01 11:00:00,226.89,200.1768084557125,26.713191544287497
2025-09-01 12:00:00,208.62,208.65522062550198,-0.03522062550197802
2025-09-01 13:00:00,205.56,196.7643700988104,8.795629901189614
2025-09-01 14:00:00,216.33,211.21770515979713,5.112294840202878
2025-09-01 15:00:00,218.82,199.4893262802586,19.330673719741384
2025-09-01 16:00:00,212.33,192.52375772160153,19.806242278398486
2025-09-01 17:00:00,181.63,155.7288851865325,25.9011148134675
2025-09-02 08:00:00,165.79,162.08879613388936,3.7012038661106317
2025-09-02 09:00:00,188.73,193.5527971213713,-4.822797121371309
2025-09-02 10:00:00,201.17,208.52107592143253,-7.351075921432539
2025-09-02 11:00:00,203.27,209.0154931357074,-5.745493135707392
2025-09-02 12:00:00,212.07,206.35210938868218,5.717890611317813
2025-09-02 13:00:00,203.74,214.9396537091389,-11.199653709138886
2025-09-02 14:00:00,189.06,201.51300498116436,-12.453004981164355
2025-09-02 15:00:00,199.6,201.05550125128917,-1.4555012512891778
2025-09-02 16:00:00,189.08,190.60202033027372,-1.5220203302737048
2025-09-02 17:00:00,164.96,163.1131667273532,1.846833272646819
2025-09-03 08:00:00,137.61,158.79089438342316,-21.18089438342315
2025-09-03 09:00:00,184.46,197.57527841550055,-13.11527841550054
2025-09-03 10:00:00,200.94,196.1677190870666,4.772280912933411
2025-09-03 11:00:00,203.08,197.77848311398128,5.301516886018732
2025-09-03 12:00:00,207.43,205.70823765195934,1.72176234804067
2025-09-03 13:00:00,200.81,225.0424712522992,-24.232471252299206
2025-09-03 14:00:00,211.92,217.08276840856988,-5.162768408569889
2025-09-03 15:00:00,194.57,207.9011787611632,-13.331178761163216
2025-09-03 16:00:00,182.67,189.29943215493972,-6.629432154939735
2025-09-03 17:00:00,146.45,163.70977828380788,-17.25977828380789
2025-09-04 08:00:00,153.85,161.8123673402269,-7.962367340226905
2025-09-04 09:00:00,171.93,192.80727966375147,-20.877279663751466
2025-09-04 10:00:00,198.48,206.49705496286458,-8.017054962864592
2025-09-04 11:00:00,203.4,209.2088670037355,-5.808867003735486
2025-09-04 12:00:00,209.59,215.5162105710478,-5.92621057104779
2025-09-04 13:00:00,214.47,212.26120975716555,2.2087902428344535
2025-09-04 14:00:00,200.11,214.6231362459869,-14.513136245986885
2025-09-04 15:00:00,190.2,194.49843457228047,-4.298434572280485
2025-09-04 16:00:00,178.23,180.66184881407167,-2.431848814071685
2025-09-04 17:00:00,171.98,168.83594742812605,3.1440525718739423
2025-09-05 08:00:00,158.98,163.44387953530452,-4.463879535304528
2025-09-05 09:00:00,187.61,195.62996682004234,-8.019966820042328
2025-09-05 10:00:00,204.78,194.6644049112761,10.115595088723893
2025-09-05 11:00:00,200.91,197.82194025532135,3.0880597446786453
2025-09-05 12:00:00,191.68,196.69960509037,-5.019605090369993
2025-09-05 13:00:00,197.85,206.27295573476295,-8.422955734762951
2025-09-05 14:00:00,208.37,203.3712706951352,4.99872930486481
2025-09-05 15:00:00,197.95,192.32560556942016,5.624394430579827
2025-09-05 16:00:00,156.12,189.72314189791712,-33.60314189791711
2025-09-05 17:00:00,119.67,145.60292892240037,-25.932928922400365
2025-09-08 08:00:00,116.22,157.8191683891844,-41.5991683891844
2025-09-08 09:00:00,149.5,178.42168196453412,-28.921681964534116
2025-09-08 10:00:00,211.7,193.9363867851593,17.76361321484069
2025-09-08 11:00:00,214.01,200.61286317005747,13.397136829942525
2025-09-08 12:00:00,210.15,207.01056970133425,3.139430298665758
2025-09-08 13:00:00,207.01,195.97213817303253,11.037861826967458
2025-09-08 14:00:00,238.98,211.34952255722862,27.630477442771365
2025-09-08 15:00:00,230.9,208.52266608981614,22.377333910183864
2025-09-08 16:00:00,219.43,198.18233800529384,21.247661994706164
2025-09-08 17:00:00,181.21,160.0154815351762,21.1945184648238
2025-09-09 08:00:00,149.48,162.4093992511879,-12.929399251187903
2025-09-09 09:00:00,205.77,194.14843715123362,11.621562848766388
2025-09-09 10:00:00,222.59,212.4063827516387,10.183617248361315
2025-09-09 11:00:00,204.66,211.9161011561291,-7.256101156129091
2025-09-09 12:00:00,200.44,214.03457991002813,-13.59457991002813
2025-09-09 13:00:00,229.87,218.78380230839906,11.086197691600944
2025-09-09 14:00:00,228.42,214.8620761254187,13.557923874581292
2025-09-09 15:00:00,215.19,206.18975938369468,9.00024061630532
2025-09-09 16:00:00,206.16,196.48875897393106,9.671241026068941
2025-09-09 17:00:00,159.96,169.19405830794605,-9.234058307946043
2025-09-10 08:00:00,172.83,162.37795156791188,10.452048432088134
2025-09-10 09:00:00,198.24,199.73761200258437,-1.4976120025843613
2025-09-10 10:00:00,207.28,198.09683567961596,9.183164320384037
2025-09-10 11:00:00,207.43,200.39656991815545,7.033430081844557
2025-09-10 12:00:00,208.99,212.36915119810115,-3.379151198101141
2025-09-10 13:00:00,206.66,228.26667010768165,-21.60667010768165
2025-09-10 14:00:00,211.9,217.3341436611643,-5.434143661164285
2025-09-10 15:00:00,209.13,207.38775294792265,1.7422470520773459
2025-09-10 16:00:00,192.92,186.5125144568846,6.407485543115399
2025-09-10 17:00:00,155.06,161.40711582396312,-6.347115823963122
2025-09-11 08:00:00,157.34,163.95104202391693,-6.611042023916923
2025-09-11 09:00:00,178.89,193.51980377692408,-14.629803776924092
2025-09-11 10:00:00,204.53,207.40834447730197,-2.8783444773019653
2025-09-11 11:00:00,211.94,210.3691102119042,1.5708897880957977
2025-09-11 12:00:00,209.27,213.30798063713766,-4.03798063713765
2025-09-11 13:00:00,211.35,212.46812114919743,-1.1181211491974352
2025-09-11 14:00:00,210.06,214.6231362459869,-4.563136245986897
2025-09-11 15:00:00,206.62,219.3434414355081,-12.723441435508107
2025-09-11 16:00:00,176.77,207.5449355026376,-30.77493550263759
2025-09-11 17:00:00,167.87,178.25459997740657,-10.384599977406566
2025-09-12 08:00:00,151.85,166.61535130737406,-14.765351307374061
2025-09-12 09:00:00,181.31,197.23397007623424,-15.92397007623424
2025-09-12 10:00:00,196.92,194.91776106564478,2.002238934355205
2025-09-12 11:00:00,198.01,196.68183756066242,1.328162439337575
2025-09-12 12:00:00,187.81,193.02306901267016,-5.213069012670161
2025-09-12 13:00:00,195.29,200.37179685002405,-5.0817968500240625
2025-09-12 14:00:00,197.75,201.29115267834874,-3.5411526783487375
2025-09-12 15:00:00,182.87,184.91035881931364,-2.0403588193136386
2025-09-12 16:00:00,163.05,184.34267350300814,-21.29267350300813
2025-09-12 17:00:00,141.22,142.25711593848902,-1.0371159384890234
2025-09-15 08:00:00,146.8,159.04468041508434,-12.244680415084332
2025-09-15 09:00:00,171.73,183.05297958805897,-11.322979588058985
2025-09-15 10:00:00,201.18,199.10917158595583,2.070828414044172
2025-09-15 11:00:00,195.96,203.8832735276449,-7.923273527644881
2025-09-15 12:00:00,190.66,207.66673231316142,-17.00673231316142
2025-09-15 13:00:00,194.86,195.14249956965898,-0.2824995696589667
2025-09-15 14:00:00,206.23,211.39529074243453,-5.165290742434536
2025-09-15 15:00:00,207.61,206.19027661621004,1.4197233837899716
2025-09-15 16:00:00,203.84,198.48015802022502,5.359841979774984
2025-09-15 17:00:00,170.01,160.0154815351762,9.994518464823784
2025-09-16 08:00:00,162.01,164.7604887780438,-2.7504887780438025
2025-09-16 09:00:00,191.07,197.27554730801097,-6.205547308010978
2025-09-16 10:00:00,210.22,214.86026074966364,-4.640260749663639
2025-09-16 11:00:00,211.77,213.65646596838212,-1.8864659683821117
2025-09-16 12:00:00,212.47,213.18248824971334,-0.7124882497133456
2025-09-16 13:00:00,213.13,220.94613589548283,-7.81613589548283
2025-09-16 14:00:00,214.92,214.51979224992502,0.4002077500749692
2025-09-16 15:00:00,222.04,208.41460457440377,13.625395425596224
2025-09-16 16:00:00,196.72,196.27073161675855,0.4492683832414457
2025-09-16 17:00:00,161.59,170.35232337091608,-8.762323370916079
2025-09-17 08:00:00,172.67,166.73366386336247,5.936336136637522
2025-09-17 09:00:00,214.79,202.14020487712196,12.649795122878032
2025-09-17 10:00:00,224.47,199.4747761028655,24.995223897134508
2025-09-17 11:00:00,221.38,200.25877587583048,21.121224124169515
2025-09-17 12:00:00,210.86,209.34845034671244,1.5115496532875738
2025-09-17 13:00:00,207.89,233.4761070306165,-25.586107030616517
2025-09-17 14:00:00,215.59,221.1047724500801,-5.514772450080102
2025-09-17 15:00:00,214.27,210.29716588961912,3.9728341103808873
2025-09-17 16:00:00,196.59,192.84641831610082,3.74358168389918
2025-09-17 17:00:00,171.33,168.31510320349742,3.0148967965025975
2025-09-18 08:00:00,157.89,167.42638838491322,-9.536388384913238
2025-09-18 09:00:00,178.89,197.43868639937347,-18.54868639937348
2025-09-18 10:00:00,204.32,208.13737608885194,-3.817376088851944
2025-09-18 11:00:00,207.9,212.30284889218532,-4.402848892185318
2025-09-18 12:00:00,204.98,214.15740660199572,-9.177406601995727
2025-09-18 13:00:00,209.93,212.26120975716555,-2.3312097571655386
2025-09-18 14:00:00,212.56,212.32597859095168,0.23402140904832436
2025-09-18 15:00:00,210.34,218.9427155183593,-8.602715518359304
2025-09-18 16:00:00,186.92,206.37610564661298,-19.456105646612997
2025-09-18 17:00:00,168.44,176.03844643639937,-7.598446436399371
2025-09-19 08:00:00,156.65,166.8135682931284,-10.163568293128407
2025-09-19 09:00:00,194.47,196.08825346466858,-1.6182534646685838
2025-09-19 10:00:00,209.7,194.15769260253884,15.542307397461144
2025-09-19 11:00:00,211.87,195.79509102037215,16.07490897962785
2025-09-19 12:00:00,198.02,195.46043555190732,2.5595644480926865
2025-09-19 13:00:00,213.06,209.69746289600573,3.3625371039942706
2025-09-19 14:00:00,213.82,205.285875581129,8.534124418870988
2025-09-19 15:00:00,187.12,192.02294243676272,-4.902942436762714
2025-09-19 16:00:00,151.0,188.16107042842742,-37.16107042842742
2025-09-19 17:00:00,121.24,143.93002243044472,-22.690022430444728
2025-09-22 08:00:00,143.24,155.61324674256448,-12.373246742564476
2025-09-22 09:00:00,179.51,177.95855220218164,1.551447797818355
2025-09-22 10:00:00,197.46,192.48800704093625,4.971992959063755
2025-09-22 11:00:00,209.17,195.8162613122626,13.353738687737376
2025-09-22 12:00:00,193.71,192.6150150367057,1.0949849632943085
2025-09-22 13:00:00,205.7,189.0748166754293,16.625183324570685
2025-09-22 14:00:00,208.67,204.84325041394868,3.8267495860513066
2025-09-22 15:00:00,204.75,200.68060633998329,4.069393660016715
2025-09-22 16:00:00,199.14,193.56612777386064,5.573872226139343
2025-09-22 17:00:00,159.76,154.2450633735404,5.514936626459587
2025-09-23 08:00:00,172.94,160.27204513586437,12.667954864135623
2025-09-23 09:00:00,182.15,190.72350697952513,-8.57350697952512
2025-09-23 10:00:00,200.21,202.99985042587636,-2.7898504258763523
2025-09-23 11:00:00,187.22,198.96005199824546,-11.740051998245463
2025-09-23 12:00:00,191.13,197.91044495219737,-6.780444952197371
2025-09-23 13:00:00,202.0,201.48513361172854,0.5148663882714573
2025-09-23 14:00:00,203.31,204.42241792286083,-1.1124179228608284
2025-09-23 15:00:00,201.02,201.22664318903603,-0.20664318903601497
2025-09-23 16:00:00,184.07,189.94793825875624,-5.877938258756245
2025-09-23 17:00:00,149.56,158.4801064754729,-8.920106475472892
2025-09-24 08:00:00,131.52,165.9650087524006,-34.44500875240058
2025-09-24 09:00:00,182.74,199.73761200258437,-16.99761200258436
2025-09-24 10:00:00,204.75,199.1991880182156,5.550811981784392
2025-09-24 11:00:00,215.78,199.43201162188075,16.347988378119254
2025-09-24 12:00:00,221.03,208.13504611512806,12.894953884871938
2025-09-24 13:00:00,216.37,229.46884785912818,-13.09884785912817
2025-09-24 14:00:00,217.9,220.85339719748572,-2.953397197485714
2025-09-24 15:00:00,213.73,209.78374007637856,3.946259923621426
2025-09-24 16:00:00,200.26,191.70631562144192,8.553684378558074
2025-09-24 17:00:00,166.97,166.01244074365263,0.9575592563473663
2025-09-25 08:00:00,163.31,166.8917197139907,-3.581719713990708
2025-09-25 09:00:00,183.27,195.65737611644192,-12.387376116441914
2025-09-25 10:00:00,212.62,207.40834447730197,5.211655522698038
2025-09-25 11:00:00,220.57,211.14260568401664,9.42739431598335
2025-09-25 12:00:00,210.76,212.91593824980453,-2.155938249804535
2025-09-25 13:00:00,210.21,213.30964791979216,-3.0996479197921474
2025-09-25 14:00:00,210.34,212.77943565422365,-2.4394356542236437
2025-09-25 15:00:00,200.89,216.13763409831745,-15.247634098317462
2025-09-25 16:00:00,182.47,204.42805588657197,-21.95805588657197
2025-09-25 17:00:00,159.57,176.77716428340182,-17.207164283401823
2025-09-26 08:00:00,154.24,164.83139843558493,-10.591398435584921
2025-09-26 09:00:00,178.08,191.96367366303232,-13.883673663032312
2025-09-26 10:00:00,181.37,190.10399413264042,-8.733994132640419
2025-09-26 11:00:00,169.37,190.7279679329992,-21.357967932999202
2025-09-26 12:00:00,160.56,184.72534716804924,-24.165347168049237
2025-09-26 13:00:00,173.91,198.062656805718,-24.15265680571801
2025-09-26 14:00:00,182.56,199.3320059534658,-16.772005953465793
2025-09-26 15:00:00,164.9,185.36435351829974,-20.46435351829973
2025-09-26 16:00:00,146.47,182.95416553012842,-36.48416553012842
2025-09-26 17:00:00,111.37,140.75150009572891,-29.38150009572891
2025-09-30 08:00:00,156.7,161.23385448775997,-4.533854487759982
2025-09-30 09:00:00,187.33,194.29734715869924,-6.967347158699226
2025-09-30 10:00:00,204.63,210.1569945867825,-5.526994586782507
2025-09-30 11:00:00,199.42,212.30284889218532,-12.882848892185336
2025-09-30 12:00:00,201.88,210.6371477001274,-8.757147700127405
2025-09-30 13:00:00,200.96,220.4656173205753,-19.505617320575283
2025-09-30 14:00:00,211.03,214.17750837443134,-3.1475083744313395
2025-09-30 15:00:00,239.79,208.75688844989747,31.033111550102518
2025-09-30 16:00:00,228.59,196.70678633110353,31.883213668896474
2025-09-30 17:00:00,169.16,170.64188963665862,-1.4818896366586216
2025-10-01 08:00:00,159.12,124.34439157336233,34.775608426637675
2025-10-01 09:00:00,198.06,162.8246799865185,35.2353200134815
2025-10-01 10:00:00,214.36,162.76325343059756,51.596746569402455
2025-10-01 11:00:00,217.82,164.64960554216216,53.17039445783783
2025-10-01 12:00:00,219.66,172.42098897746789,47.23901102253211
2025-10-01 13:00:00,227.15,189.5894864791477,37.56051352085231
2025-10-01 14:00:00,228.35,180.8572663594434,47.492733640556594
2025-10-01 15:00:00,220.34,171.9163766565793,48.4236233434207
2025-10-01 16:00:00,201.47,155.22151471262396,46.24848528737604
2025-10-01 17:00:00,163.8,130.7503974032043,33.04960259679572
2025-10-02 08:00:00,138.68,126.0736567134223,12.606343286577712
2025-10-02 09:00:00,169.17,158.76095159875337,10.409048401246622
2025-10-02 10:00:00,193.39,172.48374189462112,20.906258105378868
2025-10-02 11:00:00,207.85,175.67122939267333,32.17877060732667
2025-10-02 12:00:00,200.74,177.6514733504931,23.088526649506917
2025-10-02 13:00:00,228.0,175.34145372159918,52.65854627840082
2025-10-02 14:00:00,217.52,179.15175995464355,38.36824004535646
2025-10-02 15:00:00,204.4,184.27279106131363,20.12720893868638
2025-10-02 16:00:00,173.81,170.51511940326145,3.294880596738551
2025-10-02 17:00:00,159.85,141.85982637731027,17.990173622689724
2025-10-03 08:00:00,146.53,128.36893721546988,18.161062784530117
2025-10-03 09:00:00,169.35,162.22088042951714,7.129119570482857
2025-10-03 10:00:00,182.01,160.3331313145917,21.676868685408294
2025-10-03 11:00:00,185.55,161.7171735780564,23.832826421943622
2025-10-03 12:00:00,198.31,157.87723859488702,40.432761405112984
2025-10-03 13:00:00,216.01,173.8567276811612,42.15327231883879
2025-10-03 14:00:00,210.09,170.19453352133863,39.895466478661376
2025-10-03 15:00:00,200.33,154.28159265048885,46.048407349511166
2025-10-03 16:00:00,172.2,151.47474966081433,20.725250339185664
2025-10-03 17:00:00,142.91,108.79322743749253,34.116772562507464
2025-10-07 08:00:00,202.96,127.36549378290927,75.59450621709074
2025-10-07 09:00:00,208.44,160.3150709420118,48.1249290579882
2025-10-07 10:00:00,224.06,176.52602679395784,47.53397320604216
2025-10-07 11:00:00,219.85,175.8646032607014,43.98539673929861
2025-10-07 12:00:00,220.76,174.77418055500155,45.98581944499844
2025-10-07 13:00:00,230.69,183.3124260170557,47.377573982944284
2025-10-07 14:00:00,231.98,178.53499014534114,53.44500985465885
2025-10-07 15:00:00,232.94,172.60094440756671,60.33905559243328
2025-10-07 16:00:00,205.36,159.49119118238025,45.868808817619765
2025-10-07 17:00:00,157.14,131.6957181564051,25.444281843594894
2025-10-08 08:00:00,170.49,127.16279364688917,43.32720635311084
2025-10-08 09:00:00,211.23,164.5064949986948,46.7235050013052
2025-10-08 10:00:00,200.12,161.79869513432288,38.32130486567712
2025-10-08 11:00:00,199.13,162.99607703426275,36.13392296573724
2025-10-08 12:00:00,205.51,170.96490389956668,34.54509610043331
2025-10-08 13:00:00,209.04,178.95962080281424,30.08037919718575
2025-10-08 14:00:00,225.14,173.37697613091657,51.76302386908341
2025-10-08 15:00:00,216.47,167.46668627516118,49.00331372483882
2025-10-08 16:00:00,190.82,152.8146312461218,38.0053687538782
2025-10-08 17:00:00,151.67,127.6104031397796,24.05959686022038
2025-10-09 08:00:00,163.46,122.33097601696475,41.12902398303525
2025-10-09 09:00:00,178.4,148.07308990116417,30.32691009883584
2025-10-09 10:00:00,195.86,168.65632593398396,27.20367406601605
2025-10-09 11:00:00,203.62,172.7706213722516,30.849378627748393
2025-10-09 12:00:00,198.5,174.1339796859514,24.366020314048598
2025-10-09 13:00:00,199.01,172.03087144908943,26.97912855091056
2025-10-09 14:00:00,198.39,170.25027404138214,28.139725958617845
2025-10-09 15:00:00,188.76,172.65173946399744,16.108260536002547
2025-10-09 16:00:00,175.99,159.2164307950236,16.77356920497641
2025-10-09 17:00:00,169.38,136.5041219865429,32.87587801345708
2025-10-13 08:00:00,148.09,122.10268969266106,25.987310307338944
2025-10-13 09:00:00,169.77,147.11847353436315,22.651526465636863
2025-10-13 10:00:00,209.55,171.44202811295952,38.10797188704049
2025-10-13 11:00:00,192.58,176.53849304372696,16.041506956273054
2025-10-13 12:00:00,184.65,173.81631019005178,10.833689809948226
2025-10-13 13:00:00,171.09,160.05842218645796,11.031577813542043
2025-10-13 14:00:00,184.61,174.88154439883206,9.728455601167951
2025-10-13 15:00:00,172.02,169.67653027260758,2.3434697273924314
2025-10-13 16:00:00,175.95,161.5196816542258,14.430318345774197
2025-10-13 17:00:00,148.9,123.55489070183819,25.345109298161816
2025-10-14 08:00:00,153.14,126.18994901948135,26.95005098051864
2025-10-14 09:00:00,179.92,158.23033083749357,21.68966916250642
2025-10-14 10:00:00,193.36,177.1394962934641,16.220503706535908
2025-10-14 11:00:00,195.28,176.44472486478574,18.83527513521426
2025-10-14 12:00:00,189.36,176.73213482391387,12.627865176086146
2025-10-14 13:00:00,198.58,185.47475960413954,13.105240395860477
2025-10-14 14:00:00,208.82,180.2464095228096,28.57359047719038
2025-10-14 15:00:00,208.11,174.48350572278207,33.626494277217944
2025-10-14 16:00:00,188.71,162.10751946845016,26.602480531549844
2025-10-14 17:00:00,161.33,133.4331157508602,27.896884249139816
2025-10-15 08:00:00,156.84,126.3941385359273,30.445861464072706
2025-10-15 09:00:00,198.86,163.06493927397224,35.79506072602777
2025-10-15 10:00:00,199.13,162.3498713036227,36.78012869637729
2025-10-15 11:00:00,194.36,163.4094591612376,30.950540838762407
2025-10-15 12:00:00,211.83,171.69294643851728,40.13705356148273
2025-10-15 13:00:00,204.64,189.5894864791477,15.050513520852292
2025-10-15 14:00:00,206.21,182.61689312760413,23.59310687239588
2025-10-15 15:00:00,212.7,174.14122184728836,38.558778152711625
2025-10-15 16:00:00,192.24,155.47487086699266,36.76512913300735
2025-10-15 17:00:00,155.84,130.12239855051936,25.71760144948064
2025-10-16 12:00:00,191.75,178.89294170268423,12.857058297315774
2025-10-16 13:00:00,196.61,177.61747903394968,18.992520966050336
2025-10-16 14:00:00,203.42,175.0597436162113,28.36025638378868
2025-10-16 15:00:00,207.05,179.12805815098648,27.921941849013535
2025-10-16 16:00:00,188.26,166.96305551056673,21.29694448943326
2025-10-16 17:00:00,175.21,139.2743139128019,35.93568608719812
2025-10-17 08:00:00,146.89,129.1095389856212,17.780461014378773
2025-10-17 09:00:00,176.21,159.46104996216587,16.748950037834135
2025-10-17 10:00:00,180.86,160.4207547110733,20.439245288926713
2025-10-17 11:00:00,160.23,161.20475448403832,-0.9747544840383284
2025-10-17 12:00:00,162.01,154.53352254089842,7.476477459101574
2025-10-17 13:00:00,175.52,169.05506167564562,6.464938324354392
2025-10-17 14:00:00,185.73,170.90674238246717,14.823257617532818
2025-10-17 15:00:00,173.98,155.683419777288,18.29658022271198
2025-10-17 16:00:00,153.24,153.5848089551459,-0.3448089551458793
2025-10-17 17:00:00,104.98,110.37070807477306,-5.390708074773059
2025-10-20 08:00:00,142.22,112.30212816829312,29.917871831706876
2025-10-20 09:00:00,146.75,135.58934389948934,11.160656100510664
2025-10-20 10:00:00,155.0,149.7305190272292,5.269480972770793
2025-10-20 11:00:00,154.69,151.63086561283401,3.059134387165983
2025-10-20 12:00:00,150.6,152.6281513366196,-2.028151336619601
2025-10-20 13:00:00,155.74,148.5824357807031,7.1575642192969156
2025-10-20 14:00:00,176.42,161.79586067653796,14.624139323462032
2025-10-20 15:00:00,172.29,157.848822400882,14.441177599117992
2025-10-20 16:00:00,158.52,151.0099319194092,7.5100680805907984
2025-10-20 17:00:00,113.72,112.3785837207135,1.3414162792865056
2025-10-21 08:00:00,125.86,120.84932896849922,5.010671031500777
2025-10-21 09:00:00,141.33,148.36948991437657,-7.03948991437656
2025-10-21 10:00:00,135.63,157.9979226133916,-22.367922613391613
2025-10-21 11:00:00,133.62,156.65215095624214,-23.032150956242134
2025-10-21 12:00:00,137.13,155.51195440308382,-18.381954403083824
2025-10-21 13:00:00,146.16,158.95150930499528,-12.791509304995287
2025-10-21 14:00:00,149.38,162.25750047594792,-12.877500475947926
2025-10-21 15:00:00,143.96,155.71172881749948,-11.751728817499469
2025-10-21 16:00:00,131.72,140.2595653844054,-8.539565384405392
2025-10-21 17:00:00,106.04,108.0559650787882,-2.0159650787881986
2025-10-22 08:00:00,111.15,110.83559959213089,0.3144004078691154
2025-10-22 09:00:00,131.86,145.6765883499438,-13.8165883499438
2025-10-22 10:00:00,139.18,150.89801482990708,-11.718014829907077
2025-10-22 11:00:00,132.93,151.41754248336272,-18.487542483362716
2025-10-22 12:00:00,135.52,148.313605541842,-12.793605541841998
2025-10-22 13:00:00,148.37,149.24363266275233,-0.8736326627523283
2025-10-22 14:00:00,152.16,156.26190901388279,-4.101909013882789
2025-10-22 15:00:00,152.85,156.07624462327442,-3.2262446232744253
2025-10-22 16:00:00,139.1,144.46115912149338,-5.361159121493387
2025-10-22 17:00:00,115.68,114.92585296204004,0.7541470379599673
2025-10-23 08:00:00,99.17,113.24160861128216,-14.071608611282159
2025-10-23 09:00:00,118.35,135.60391792064343,-17.25391792064343
2025-10-23 10:00:00,134.03,157.53859385784756,-23.508593857847558
2025-10-23 11:00:00,128.33,159.42782447831175,-31.097824478311736
2025-10-23 12:00:00,119.15,158.61562528356174,-39.465625283561735
2025-10-23 13:00:00,127.86,157.3401626148272,-29.480162614827194
2025-10-23 14:00:00,123.69,156.52741825654928,-32.837418256549284
2025-10-23 15:00:00,127.63,151.27293848586464,-23.642938485864647
2025-10-23 16:00:00,119.45,141.6441399287644,-22.194139928764386
2025-10-23 17:00:00,109.03,127.63950782251416,-18.60950782251416
2025-10-27 08:00:00,88.83,106.1528872805982,-17.322887280598195
2025-10-27 09:00:00,108.11,127.74991295563593,-19.639912955635936
2025-10-27 10:00:00,123.83,143.18616087264712,-19.356160872647123
2025-10-27 11:00:00,132.0,144.83084026001742,-12.830840260017425
2025-10-27 12:00:00,131.07,143.0181809936116,-11.9481809936116
2025-10-27 13:00:00,133.43,144.56646586076513,-11.136465860765128
2025-10-27 14:00:00,136.65,157.90580354775508,-21.25580354775508
2025-10-27 15:00:00,143.39,152.70078942153066,-9.310789421530671
2025-10-27 16:00:00,139.98,146.03304087780475,-6.0530408778047615
2025-10-27 17:00:00,119.56,107.06798166859303,12.492018331406967
2025-10-28 08:00:00,104.66,118.49547420431658,-13.835474204316583
2025-10-28 09:00:00,122.51,145.57298020291864,-23.062980202918638
2025-10-28 10:00:00,118.44,154.64561464490208,-36.205614644902084
2025-10-28 11:00:00,116.26,154.59347777760885,-38.33347777760885
2025-10-28 12:00:00,122.75,153.23668359696623,-30.48668359696623
2025-10-28 13:00:00,127.88,156.9233218058319,-29.04332180583191
2025-10-28 14:00:00,130.32,160.25440712301784,-29.93440712301785
2025-10-28 15:00:00,129.35,153.60418931766628,-24.254189317666288
2025-10-28 16:00:00,118.99,137.2524007507859,-18.262400750785915
2025-10-28 17:00:00,109.17,103.31822411363848,5.851775886361523
2025-10-29 08:00:00,91.19,108.71507098380441,-17.52507098380441
2025-10-29 09:00:00,114.1,146.00652986475546,-31.90652986475547
2025-10-29 10:00:00,117.71,151.19583484483826,-33.485834844838266
2025-10-29 11:00:00,128.01,153.94901261027772,-25.93901261027773
2025-10-29 12:00:00,128.28,150.33703196263238,-22.05703196263238
2025-10-29 13:00:00,130.68,159.06310675629857,-28.38310675629856
2025-10-29 14:00:00,136.56,164.62859679231738,-28.06859679231738
2025-10-29 15:00:00,139.76,158.567305512325,-18.807305512325
2025-10-29 16:00:00,135.32,145.08726853787806,-9.767268537878067
2025-10-29 17:00:00,111.1,115.67842493876586,-4.578424938765863
2025-10-30 08:00:00,97.57,116.71695497227843,-19.146954972278436
2025-10-30 09:00:00,113.32,140.59158671285172,-27.27158671285173
2025-10-30 10:00:00,148.05,163.50480579696824,-15.45480579696823
2025-10-30 11:00:00,146.78,167.49011211418568,-20.710112114185677
2025-10-30 12:00:00,148.63,170.9339076610772,-22.303907661077204
2025-10-30 13:00:00,141.23,164.16823855187863,-22.93823855187864
2025-10-30 14:00:00,139.81,160.48735400748254,-20.677354007482535
2025-10-30 15:00:00,141.22,162.2328656181278,-21.01286561812779
2025-10-30 16:00:00,132.48,152.9826715628924,-20.502671562892402
2025-10-30 17:00:00,122.32,134.2879684455357,-11.967968445535718
2025-10-31 08:00:00,106.3,123.10328169301671,-16.803281693016714
2025-10-31 09:00:00,132.14,152.01579498427384,-19.875794984273853
2025-10-31 10:00:00,139.14,154.34134193629313,-15.201341936293147
2025-10-31 11:00:00,139.65,154.71195958228324,-15.061959582283237
2025-10-31 12:00:00,128.59,145.0109841471909,-16.420984147190893
2025-10-31 13:00:00,136.38,158.4338368400969,-22.053836840096892
2025-10-31 14:00:00,138.45,161.31578275871934,-22.865782758719348
2025-10-31 15:00:00,129.04,147.10127055666288,-18.06127055666289
2025-10-31 16:00:00,111.96,144.2292761803057,-32.26927618030571
2025-10-31 17:00:00,91.93,100.70222398498152,-8.772223984981508
2025-11-03 08:00:00,61.43,58.91918971394378,2.51081028605622
2025-11-03 09:00:00,74.75,81.16259763997206,-6.412597639972063
2025-11-03 10:00:00,85.63,97.73829207771018,-12.108292077710189
2025-11-03 11:00:00,91.28,99.92589388519166,-8.645893885191654
2025-11-03 12:00:00,90.64,96.74531999920109,-6.105319999201086
2025-11-03 13:00:00,92.26,99.88760939162553,-7.627609391625526
2025-11-03 14:00:00,94.5,113.45015461165727,-18.95015461165727
2025-11-03 15:00:00,99.15,108.54296050036396,-9.392960500363955
2025-11-03 16:00:00,96.8,100.65232758032361,-3.8523275803236174
2025-11-03 17:00:00,82.67,61.336168548040895,21.333831451959107
2025-11-04 08:00:00,72.37,76.60451648261079,-4.234516482610786
2025-11-04 09:00:00,84.71,104.06392709954281,-19.353927099542815
2025-11-04 10:00:00,81.91,115.60826900919508,-33.69826900919509
2025-11-04 11:00:00,80.39,114.61589719267998,-34.22589719267998
2025-11-04 12:00:00,71.44,113.87312644020523,-42.43312644020523
2025-11-04 13:00:00,77.94,116.70128556353428,-38.76128556353429
2025-11-04 14:00:00,100.14,119.48724517516473,-19.34724517516473
2025-11-04 15:00:00,108.47,114.06662525063089,-5.596625250630893
2025-11-04 16:00:00,99.78,97.54600854644515,2.23399145355485
2025-11-04 17:00:00,91.55,64.6883261693105,26.861673830689497
2025-11-05 08:00:00,76.48,65.84172273960439,10.638277260395611
2025-11-05 09:00:00,95.68,103.42131815660983,-7.741318156609822
2025-11-05 10:00:00,98.71,107.70592031881358,-8.995920318813589
2025-11-05 11:00:00,107.35,110.41903668432793,-3.0690366843279406
2025-11-05 12:00:00,107.57,109.68842390729546,-2.1184239072954654
2025-11-05 13:00:00,109.59,114.62526813970514,-5.035268139705138
2025-11-05 14:00:00,126.37,118.6425530186541,7.727446981345906
2025-11-05 15:00:00,146.1,116.4626123790868,29.637387620913188
2025-11-05 16:00:00,140.93,103.2359315590085,37.6940684409915
2025-11-05 17:00:00,120.57,75.46654682122917,45.10345317877082
2025-11-06 08:00:00,102.89,74.61226183904026,28.277738160959743
2025-11-06 09:00:00,129.63,99.91194180595878,29.71805819404122
2025-11-06 10:00:00,147.19,118.53228507369658,28.657714926303413
2025-11-06 11:00:00,152.62,120.80386096957965,31.81613903042036
2025-11-06 12:00:00,144.5,121.890628343152,22.609371656847998
2025-11-06 13:00:00,143.5,118.95987453816251,24.54012546183749
2025-11-06 14:00:00,146.99,112.92691144353574,34.063088556464265
2025-11-06 15:00:00,146.2,109.70929863901995,36.49070136098004
2025-11-06 16:00:00,137.05,101.13772962944914,35.91227037055087
2025-11-06 17:00:00,119.76,87.75096823028315,32.009031769716856
2025-11-07 08:00:00,108.81,84.74622013238397,24.063779867616034
2025-11-07 09:00:00,151.21,115.63790734123631,35.572092658763694
2025-11-07 10:00:00,151.5,117.87683215206968,33.62316784793032
2025-11-07 11:00:00,153.75,119.14090984285333,34.60909015714667
2025-11-07 12:00:00,139.42,112.22248934440702,27.197510655592964
2025-11-07 13:00:00,151.1,127.66656627982839,23.433433720171607
2025-11-07 14:00:00,164.17,127.53244020100453,36.637559798995454
2025-11-07 15:00:00,151.7,113.21998535285641,38.48001464714358
2025-11-07 16:00:00,119.46,108.44737640506982,11.012623594930176
2025-11-07 17:00:00,90.83,62.41889799804239,28.41110200195761
2025-11-10 08:00:00,88.72,64.80164743826356,23.91835256173644
2025-11-10 09:00:00,105.98,85.79389526349689,20.18610473650311
2025-11-10 10:00:00,129.05,109.51620726874927,19.533792731250742
2025-11-10 11:00:00,134.62,111.54763439217577,23.07236560782424
2025-11-10 12:00:00,120.86,102.53444202860715,18.325557971392854
2025-11-10 13:00:00,120.28,103.39299942132733,16.88700057867267
2025-11-10 14:00:00,126.22,116.65067406378165,9.569325936218348
2025-11-10 15:00:00,131.36,111.42342800727587,19.93657199272414
2025-11-10 16:00:00,133.81,103.18379770723861,30.62620229276139
2025-11-10 17:00:00,124.29,64.96328853535485,59.32671146464516
2025-11-11 08:00:00,105.81,78.84873830370049,26.961261696299516
2025-11-11 09:00:00,119.05,106.89321724138898,12.156782758611016
2025-11-11 10:00:00,120.97,117.4486775077138,3.5213224922862025
2025-11-11 11:00:00,122.9,115.96951426887678,6.930485731123227
2025-11-11 12:00:00,121.32,114.26471729398773,7.055282706012264
2025-11-11 13:00:00,126.12,117.42206342589556,8.697936574104446
2025-11-11 14:00:00,126.22,120.342954863899,5.877045136101003
2025-11-11 15:00:00,121.06,114.58005106387142,6.479948936128579
2025-11-11 16:00:00,113.07,99.72628211817009,13.343717881829903
2025-11-11 17:00:00,102.95,68.16312135822065,34.78687864177935
2025-11-12 08:00:00,109.37,76.8591126633911,32.5108873366089
2025-11-12 09:00:00,157.56,112.3109117923988,45.249088207601204
2025-11-12 10:00:00,163.35,114.59562243506136,48.754377564938636
2025-11-12 11:00:00,163.06,116.06859241965113,46.99140758034888
2025-11-12 12:00:00,159.01,119.15297691365353,39.85702308634646
2025-11-12 13:00:00,161.71,131.45575665995614,30.25424334004387
2025-11-12 14:00:00,172.22,127.69206211205207,44.52793788794793
2025-11-12 15:00:00,169.97,121.93915438698602,48.03084561301398
2025-11-12 16:00:00,155.84,105.6428150255107,50.1971849744893
2025-11-12 17:00:00,136.51,76.0857272162674,60.42427278373259
2025-11-13 08:00:00,57.87,67.39423478158645,-9.52423478158645
2025-11-13 09:00:00,68.8,84.59267337274758,-15.792673372747586
2025-11-13 10:00:00,90.92,111.0597110553098,-20.139711055309803
2025-11-13 11:00:00,94.1,112.29541077634259,-18.195410776342598
2025-11-13 12:00:00,89.01,112.1657929176545,-23.155792917654495
2025-11-13 13:00:00,91.41,110.26959607282431,-18.859596072824317
2025-11-13 14:00:00,92.19,102.58970199587736,-10.399701995877365
2025-11-13 15:00:00,87.46,94.48171378736427,-7.021713787364277
2025-11-13 16:00:00,78.88,85.94294150112925,-7.062941501129259
2025-11-13 17:00:00,74.16,80.36378976025921,-6.2037897602592125
2025-11-14 08:00:00,55.92,72.98370603669045,-17.063706036690448
2025-11-14 09:00:00,78.83,100.4098615773502,-21.5798615773502
2025-11-14 10:00:00,85.31,106.82741123476433,-21.517411234764324
2025-11-14 11:00:00,83.06,105.93124810891125,-22.871248108911246
2025-11-14 12:00:00,78.03,95.71024913771734,-17.68024913771734
2025-11-14 13:00:00,85.0,107.69570322037539,-22.695703220375393
2025-11-14 14:00:00,89.0,112.96780683370383,-23.967806833703833
2025-11-14 15:00:00,86.32,97.04374288438032,-10.723742884380329
2025-11-14 16:00:00,74.9,93.7493418326791,-18.849341832679087
2025-11-14 17:00:00,63.03,51.96695717504435,11.063042824955652
2025-11-17 08:00:00,102.57,71.41941237812327,31.150587621876724
2025-11-17 09:00:00,126.39,94.36179586701789,32.02820413298211
2025-11-17 10:00:00,138.47,110.60468908406168,27.865310915938323
2025-11-17 11:00:00,144.49,110.96772820431842,33.52227179568159
2025-11-17 12:00:00,135.73,110.1737855999292,25.556214400070786
2025-11-17 13:00:00,138.24,104.52736690428598,33.712633095714025
2025-11-17 14:00:00,144.11,117.14130048170722,26.968699518292794
2025-11-17 15:00:00,142.95,111.48955633308597,31.460443666914017
2025-11-17 16:00:00,153.39,104.52398777442887,48.86601222557111
2025-11-17 17:00:00,121.67,65.29302671601974,56.37697328398026
2025-11-18 08:00:00,60.52,73.82595613269015,-13.305956132690149
2025-11-18 09:00:00,79.37,99.74553688304076,-20.375536883040752
2025-11-18 10:00:00,88.09,107.8376553487827,-19.7476553487827
2025-11-18 11:00:00,84.97,108.04118567972408,-23.07118567972408
2025-11-18 12:00:00,81.94,105.8455139376648,-23.905513937664807
2025-11-18 13:00:00,86.8,107.09091406538398,-20.290914065383987
2025-11-18 14:00:00,80.06,112.29928378979699,-32.239283789796986
2025-11-18 15:00:00,80.99,106.36523805202259,-25.375238052022596
2025-11-18 16:00:00,75.65,88.8249142595454,-13.174914259545389
2025-11-18 17:00:00,68.87,53.68480807109484,15.185191928905162
2025-11-19 08:00:00,73.17,49.95618377972583,23.21381622027417
2025-11-19 09:00:00,105.41,88.76478250739311,16.64521749260689
2025-11-19 10:00:00,109.29,100.39507466813404,8.894925331865963
2025-11-19 11:00:00,109.08,99.48513669533513,9.59486330466487
2025-11-19 12:00:00,106.38,89.5689490275764,16.8110509724236
2025-11-19 13:00:00,108.19,79.76211334775662,28.427886652243373
2025-11-19 14:00:00,115.22,97.52703180072541,17.69296819927459
2025-11-19 15:00:00,113.71,102.60011542159185,11.109884578408142
2025-11-19 16:00:00,104.26,94.36441153340776,9.895588466592244
2025-11-19 17:00:00,91.32,59.80489472809885,31.51510527190114
2025-11-20 08:00:00,58.55,54.829521014907556,3.7204789850924413
2025-11-20 09:00:00,72.3,70.69845316588163,1.6015468341183663
2025-11-20 10:00:00,86.03,104.86294235713535,-18.83294235713535
2025-11-20 11:00:00,85.75,106.88094247155537,-21.13094247155537
2025-11-20 12:00:00,79.62,107.40683090092162,-27.786830900921615
2025-11-20 13:00:00,80.15,105.09681127202772,-24.946811272027716
2025-11-20 14:00:00,79.79,94.54965020325415,-14.75965020325414
2025-11-20 15:00:00,78.27,84.86429177579225,-6.594291775792257
2025-11-20 16:00:00,75.61,76.59230265293242,-0.9823026529324181
2025-11-20 17:00:00,69.65,75.74680321649421,-6.096803216494209
2025-11-24 08:00:00,72.07,63.576135412363584,8.49386458763641
2025-11-24 09:00:00,128.66,87.18328455055436,41.476715449445635
2025-11-24 10:00:00,139.48,106.84239332711212,32.63760667288787
2025-11-24 11:00:00,150.29,111.6993711725063,38.59062882749369
2025-11-24 12:00:00,145.1,115.0389456121242,30.0610543878758
2025-11-24 13:00:00,149.38,109.04585416594638,40.334145834053615
2025-11-24 14:00:00,151.28,122.20424073553721,29.07575926446279
2025-11-24 15:00:00,142.11,117.44595663170949,24.66404336829052
2025-11-24 16:00:00,137.63,109.43801802079328,28.191981979206716
2025-11-24 17:00:00,116.25,69.57962306466348,46.67037693533652
2025-11-25 08:00:00,66.87,76.28391336531226,-9.413913365312254
2025-11-25 09:00:00,81.54,103.0215570472837,-21.481557047283687
2025-11-25 10:00:00,93.26,111.92745201215766,-18.667452012157653
2025-11-25 11:00:00,84.94,110.36167209606147,-25.42167209606147
2025-11-25 12:00:00,79.72,110.5105017813996,-30.7905017813996
2025-11-25 13:00:00,88.67,113.5617524096218,-24.8917524096218
2025-11-25 14:00:00,93.27,116.6916507666798,-23.421650766679804
2025-11-25 15:00:00,93.71,109.27465099371906,-15.56465099371907
2025-11-25 16:00:00,84.89,92.09532461713279,-7.2053246171327885
2025-11-25 17:00:00,72.49,58.0283020572326,14.461697942767394
2025-11-26 08:00:00,63.0,56.87407977838262,6.125920221617378
2025-11-26 09:00:00,85.08,94.5317245208208,-9.451724520820804
2025-11-26 10:00:00,90.22,103.70989309138986,-13.48989309138986
2025-11-26 11:00:00,88.87,106.33464920081285,-17.464649200812843
2025-11-26 12:00:00,83.46,102.14816342528377,-18.688163425283776
2025-11-26 13:00:00,86.79,100.59986103949596,-13.809861039495956
2025-11-26 14:00:00,87.14,109.84441917785048,-22.704419177850482
2025-11-26 15:00:00,87.97,109.95921874470648,-21.989218744706477
2025-11-26 16:00:00,83.69,98.92887693474147,-15.23887693474147
2025-11-26 17:00:00,74.31,66.03774557330843,8.272254426691575
2025-11-27 08:00:00,70.97,62.84955107874515,8.120448921254848
2025-11-27 09:00:00,79.55,82.45510103322977,-2.9051010332297693
2025-11-27 10:00:00,83.88,111.0597110553098,-27.17971105530981
2025-11-27 11:00:00,77.7,113.4556539845113,-35.7556539845113
2025-11-27 12:00:00,73.31,111.95888152562262,-38.64888152562261
2025-11-27 13:00:00,75.86,108.61430493656938,-32.75430493656938
2025-11-27 14:00:00,76.64,97.99538668580695,-21.35538668580695
2025-11-27 15:00:00,75.25,89.6730027815783,-14.423002781578305
2025-11-27 16:00:00,75.34,80.48840217301445,-5.148402173014446
2025-11-27 17:00:00,70.86,77.96295675750144,-7.102956757501445
2025-11-28 13:00:00,79.73,103.70374279834617,-23.973742798346166
2025-11-28 14:00:00,84.25,108.92313291217462,-24.673132912174623
2025-11-28 15:00:00,78.14,93.26045372616275,-15.12045372616275
2025-11-28 16:00:00,68.5,88.36887343777012,-19.86887343777012
2025-11-28 17:00:00,58.64,47.11552834837287,11.524471651627131
2025-12-01 08:00:00,49.47,53.027630142390436,-3.557630142390437
2025-12-01 09:00:00,64.89,74.51735021114875,-9.627350211148752
2025-12-01 10:00:00,80.1,102.4190728506589,-22.319072850658912
2025-12-01 11:00:00,129.71,106.54426462697282,23.16573537302719
2025-12-01 12:00:00,122.04,99.28859683499705,22.751403165002955
2025-12-01 13:00:00,136.53,100.64176014503906,35.88823985496094
2025-12-01 14:00:00,135.61,115.30741331707264,20.30258668292737
2025-12-01 15:00:00,142.17,109.54450951704506,32.62549048295493
2025-12-01 16:00:00,136.73,99.966780566589,36.763219433410995
2025-12-01 17:00:00,107.22,60.23164478645415,46.98835521354585
2025-12-02 08:00:00,100.33,68.78734241544443,31.54265758455557
2025-12-02 09:00:00,113.19,97.09464687243526,16.095353127564735
2025-12-02 10:00:00,122.47,110.01274637179414,12.457253628205862
2025-12-02 11:00:00,130.19,110.41174198753507,19.77825801246493
2025-12-02 12:00:00,135.76,108.1558821149191,27.604117885080896
2025-12-02 13:00:00,144.19,112.087053861031,32.102946138969
2025-12-02 14:00:00,146.44,113.59599393960409,32.84400606039591
2025-12-02 15:00:00,139.98,107.66194820182967,32.318051798170316
2025-12-02 16:00:00,124.42,90.61381974488918,33.80618025511082
2025-12-02 17:00:00,107.28,57.677777196259676,49.602222803740325
2025-12-03 08:00:00,57.37,47.1346076250161,10.235392374983896
2025-12-03 09:00:00,77.57,82.469454907251,-4.8994549072510125
2025-12-03 10:00:00,77.57,93.04680811242714,-15.47680811242715
2025-12-03 11:00:00,79.11,93.14183767376736,-14.031837673767356
2025-12-03 12:00:00,80.78,85.45578859493527,-4.67578859493527
2025-12-03 13:00:00,82.13,80.52042914041641,1.6095708595835845
2025-12-03 14:00:00,81.17,94.5989070560386,-13.428907056038597
2025-12-03 15:00:00,82.83,97.73571581251231,-14.905715812512312
2025-12-03 16:00:00,77.62,87.68357893492296,-10.063578934922958
2025-12-03 17:00:00,69.83,53.60203920454048,16.227960795459516
2025-12-04 08:00:00,55.73,46.6384750486054,9.091524951394597
2025-12-04 09:00:00,69.98,62.596334920704535,7.383665079295469
2025-12-04 10:00:00,82.69,97.1335936669219,-14.443593666921899
2025-12-04 11:00:00,82.58,100.35630085007315,-17.776300850073156
2025-12-04 12:00:00,82.73,99.56918477525382,-16.839184775253813
2025-12-04 13:00:00,80.72,98.08681071448737,-17.36681071448737
2025-12-04 14:00:00,79.61,86.37841460837015,-6.768414608370151
2025-12-04 15:00:00,75.8,76.40591147402885,-0.6059114740288578
2025-12-04 16:00:00,73.09,68.13392235116902,4.956077648830984
2025-12-04 17:00:00,72.32,67.47310237648145,4.846897623518544
2025-12-05 08:00:00,53.42,59.313273295878545,-5.893273295878544
2025-12-05 09:00:00,70.22,84.3043790533835,-14.0843790533835
2025-12-05 10:00:00,73.92,94.0807210813508,-20.1607210813508
2025-12-05 11:00:00,77.11,94.30242871987534,-17.192428719875338
2025-12-05 12:00:00,67.41,85.25115701454966,-17.841157014549665
2025-12-05 13:00:00,78.73,97.1874229036431,-18.457422903643092
2025-12-05 14:00:00,79.33,104.18318736352731,-24.85318736352731
2025-12-05 15:00:00,72.89,87.3214272083873,-14.431427208387305
2025-12-05 16:00:00,66.72,81.82958480240057,-15.109584802400576
2025-12-05 17:00:00,51.04,39.853800064656916,11.186199935343083
2025-12-08 08:00:00,52.49,47.76468295520051,4.725317044799489
2025-12-08 09:00:00,67.66,74.2746693648319,-6.614669364831897
2025-12-08 10:00:00,73.98,90.00675915157565,-16.026759151575646
2025-12-08 11:00:00,72.17,92.66376356882404,-20.493763568824036
2025-12-08 12:00:00,71.27,91.99197779625756,-20.721977796257562
2025-12-08 13:00:00,73.92,93.39224750649515,-19.47224750649515
2025-12-08 14:00:00,81.44,107.07211195377474,-25.63211195377474
2025-12-08 15:00:00,81.82,102.16491784248142,-20.344917842481422
2025-12-08 16:00:00,82.32,95.16600138840244,-12.846001388402442
2025-12-08 17:00:00,74.03,55.4800482886809,18.549951711319103
2025-12-09 08:00:00,61.02,65.1538404193944,-4.133840419394396
2025-12-09 09:00:00,77.42,91.13824657381177,-13.718246573811768
2025-12-09 10:00:00,85.6,98.97029538068183,-13.370295380681839
2025-12-09 11:00:00,80.07,99.00268377387633,-18.932683773876334
2025-12-09 12:00:00,76.14,98.75770162414001,-22.61770162414001
2025-12-09 13:00:00,84.5,102.4766823628807,-17.976682362880695
2025-12-09 14:00:00,87.97,106.23689061648952,-18.26689061648952
2025-12-09 15:00:00,88.27,101.84312231843676,-13.57312231843676
2025-12-09 16:00:00,81.44,85.16313581557685,-3.7231358155768532
2025-12-09 17:00:00,69.98,49.85948802121171,20.120511978788294
2025-12-10 08:00:00,55.18,49.1843545875811,5.995645412418902
2025-12-10 09:00:00,76.45,89.19671495595627,-12.746714955956264
2025-12-10 10:00:00,80.89,97.73180555147569,-16.841805551475687
2025-12-10 11:00:00,126.72,101.54727425558968,25.172725744410315
2025-12-10 12:00:00,132.19,104.01057939546736,28.179420604532638
2025-12-10 13:00:00,129.98,108.83164188873891,21.148358111261075
2025-12-10 14:00:00,132.25,107.92179544354121,24.328204556458786
2025-12-10 15:00:00,128.3,106.29281269985488,22.007187300145134
2025-12-10 16:00:00,123.26,93.13073625384891,30.129263746151096
2025-12-10 17:00:00,108.94,60.71935953496972,48.22064046503028
2025-12-11 12:00:00,69.0,104.94888096808226,-35.948880968082264
2025-12-11 13:00:00,76.4,103.46650690731582,-27.066506907315812
2025-12-11 14:00:00,77.46,94.13132169411398,-16.671321694113985
2025-12-11 15:00:00,77.04,87.6262371541962,-10.586237154196198
2025-12-11 16:00:00,75.07,76.31573134334127,-1.2457313433412764
2025-12-11 17:00:00,71.39,71.16669161149343,0.22330838850656676
2025-12-12 08:00:00,60.65,60.95741999134883,-0.30741999134883
2025-12-12 09:00:00,76.52,86.910328184698,-10.390328184698006
2025-12-12 10:00:00,83.51,94.82204477183988,-11.31204477183988
2025-12-12 11:00:00,82.77,94.81262818627701,-12.042628186277014
2025-12-12 12:00:00,75.5,81.97231717176145,-6.472317171761446
2025-12-12 13:00:00,81.61,94.85301713656742,-13.243017136567417
2025-12-12 14:00:00,83.72,100.88310466305717,-17.16310466305717
2025-12-12 15:00:00,80.15,84.73891507296277,-4.588915072962763
2025-12-12 16:00:00,70.14,79.65836337717943,-9.518363377179426
2025-12-12 17:00:00,55.29,37.82069480063165,17.46930519936835
2025-12-15 08:00:00,51.42,41.63712282570077,9.78287717429923
2025-12-15 09:00:00,60.81,66.91509530880263,-6.105095308802632
2025-12-15 10:00:00,66.02,93.59798428172697,-27.57798428172697
2025-12-15 11:00:00,66.44,96.0893488094624,-29.649348809462396
2025-12-15 12:00:00,62.12,89.21319922214268,-27.09319922214268
2025-12-15 13:00:00,63.49,93.53246310768321,-30.04246310768321
2025-12-15 14:00:00,68.09,106.11195611813741,-38.02195611813741
2025-12-15 15:00:00,69.5,101.36478797945033,-31.864787979450327
2025-12-15 16:00:00,67.69,92.34285728602583,-24.652857286025835
2025-12-15 17:00:00,58.68,52.38318097528016,6.296819024719838
2025-12-16 08:00:00,59.31,62.58901548100617,-3.2790154810061694
2025-12-16 09:00:00,69.54,90.09587652155268,-20.555876521552676
2025-12-16 10:00:00,69.09,101.62866321187555,-32.538663211875544
2025-12-16 11:00:00,70.08,104.41715207866358,-34.33715207866358
2025-12-16 12:00:00,67.25,104.63156443087694,-37.381564430876935
2025-12-16 13:00:00,69.9,110.40523884885474,-40.50523884885473
2025-12-16 14:00:00,75.66,112.91142618861673,-37.25142618861673
2025-12-16 15:00:00,78.91,106.9773804508423,-28.067380450842307
2025-12-16 16:00:00,67.57,89.08762824468175,-21.51762824468176
2025-12-16 17:00:00,57.91,53.91341574160695,3.9965842583930495
2025-12-17 08:00:00,53.2,47.647044365657365,5.552955634342638
2025-12-17 09:00:00,68.5,91.11878925558631,-22.618789255586307
2025-12-17 10:00:00,71.63,103.23206225766282,-31.602062257662823
2025-12-17 11:00:00,80.12,104.97181540562775,-24.851815405627747
2025-12-17 12:00:00,100.75,98.31787344972956,2.4321265502704392
2025-12-17 13:00:00,72.5,106.51038191664541,-34.010381916645414
2025-12-17 14:00:00,90.89,113.70100755154087,-22.811007551540868
2025-12-17 15:00:00,105.08,106.80623851309545,-1.7262385130954527
2025-12-17 16:00:00,82.33,92.87738009948025,-10.54738009948025
2025-12-17 17:00:00,66.08,60.71935953496974,5.360640465030258
2025-12-18 08:00:00,51.73,52.519830428752975,-0.7898304287529783
2025-12-18 09:00:00,57.57,69.72157605243066,-12.151576052430663
2025-12-18 10:00:00,66.2,101.32552543333401,-35.125525433334005
2025-12-18 11:00:00,69.34,103.06353500246675,-33.72353500246675
2025-12-18 12:00:00,67.94,108.9887214466794,-41.04872144667941
2025-12-18 13:00:00,67.28,101.111915332748,-33.831915332748
2025-12-18 14:00:00,69.91,90.35718394143487,-20.447183941434872
2025-12-18 15:00:00,70.5,77.20736330832655,-6.707363308326549
2025-12-18 16:00:00,66.39,70.47158206321822,-4.081582063218221
2025-12-18 17:00:00,56.05,68.76585860873566,-12.715858608735658
