DateTime,Actual,Predicted
2025-09-01 08:00:00,20.1,173.9335445704683
2025-09-01 09:00:00,26.34,188.88927862144797
2025-09-01 10:00:00,47.19,208.3616637441164
2025-09-01 11:00:00,51.45,204.89487644558284
2025-09-01 12:00:00,38.57,201.5984423675995
2025-09-01 13:00:00,40.74,196.84689574796158
2025-09-01 14:00:00,55.14,214.31880873424257
2025-09-01 15:00:00,56.16,215.09362805292625
2025-09-01 16:00:00,52.14,228.97824454524286
2025-09-01 17:00:00,47.09,224.86048769566273
2025-09-02 08:00:00,20.31,172.4786732957194
2025-09-02 09:00:00,34.39,194.36805680135288
2025-09-02 10:00:00,51.54,212.0361703603656
2025-09-02 11:00:00,47.73,211.38024183459967
2025-09-02 12:00:00,41.22,201.62113305372418
2025-09-02 13:00:00,47.0,212.43390572730857
2025-09-02 14:00:00,54.51,210.4447315828308
2025-09-02 15:00:00,56.52,223.8788317325241
2025-09-02 16:00:00,53.93,232.28099640928048
2025-09-02 17:00:00,45.93,221.56778682349363
2025-09-03 08:00:00,16.28,164.76054576893816
2025-09-03 09:00:00,37.13,190.24741350963885
2025-09-03 10:00:00,66.68,213.3247413088916
2025-09-03 11:00:00,65.25,212.02452730886264
2025-09-03 12:00:00,46.14,207.05691162095917
2025-09-03 13:00:00,45.33,206.9495636808983
2025-09-03 14:00:00,52.51,217.5108084178678
2025-09-03 15:00:00,52.86,230.96273150191377
2025-09-03 16:00:00,49.74,229.17430885862618
2025-09-03 17:00:00,41.69,209.4417809181457
2025-09-04 08:00:00,22.73,168.99888427902795
2025-09-04 09:00:00,38.65,191.3339214201916
2025-09-04 10:00:00,58.66,214.82807408217192
2025-09-04 11:00:00,59.34,211.59500365935398
2025-09-04 12:00:00,39.2,206.8473581022227
2025-09-04 13:00:00,43.84,209.8165739327894
2025-09-04 14:00:00,57.54,223.64746003362438
2025-09-04 15:00:00,60.19,219.91520050205287
2025-09-04 16:00:00,58.52,220.5597055677519
2025-09-04 17:00:00,47.58,213.80408532130784
2025-09-05 08:00:00,18.19,171.22043377929646
2025-09-05 09:00:00,37.68,196.08171736933747
2025-09-05 10:00:00,54.2,211.50114509196416
2025-09-05 11:00:00,50.99,213.26514180442845
2025-09-05 12:00:00,33.13,200.65077726419173
2025-09-05 13:00:00,33.59,202.22848239482602
2025-09-05 14:00:00,47.69,228.19430305576913
2025-09-05 15:00:00,48.74,232.8494774804892
2025-09-05 16:00:00,44.95,238.92963530390855
2025-09-05 17:00:00,33.26,214.27299639021194
2025-09-08 08:00:00,21.21,169.55334518826126
2025-09-08 09:00:00,32.67,182.11858093675283
2025-09-08 10:00:00,47.69,211.39188488610262
2025-09-08 11:00:00,48.98,212.239289133617
2025-09-08 12:00:00,40.2,213.72981597254068
2025-09-08 13:00:00,39.95,209.57427336567784
2025-09-08 14:00:00,53.95,224.43814251581642
2025-09-08 15:00:00,55.74,227.33079440619852
2025-09-08 16:00:00,54.09,239.06280807631842
2025-09-08 17:00:00,53.06,234.71995581039124
2025-09-09 08:00:00,28.55,175.1331563968355
2025-09-09 09:00:00,41.51,197.11738262621273
2025-09-09 10:00:00,56.6,216.11664503069792
2025-09-09 11:00:00,57.55,214.60166920591465
2025-09-09 12:00:00,54.88,210.0480118831083
2025-09-09 13:00:00,57.82,216.27861510636654
2025-09-09 14:00:00,64.72,227.19615391366875
2025-09-09 15:00:00,65.92,230.3216864751541
2025-09-09 16:00:00,64.68,238.24666314920535
2025-09-09 17:00:00,58.18,226.87389728370837
2025-09-10 08:00:00,29.08,169.3431116564761
2025-09-10 09:00:00,44.63,192.6920563083824
2025-09-10 10:00:00,58.25,216.33140685545226
2025-09-10 11:00:00,58.26,216.10500197919495
2025-09-10 12:00:00,48.18,212.68817263454372
2025-09-10 13:00:00,46.87,208.39664384540612
2025-09-10 14:00:00,53.54,217.75071408882627
2025-09-10 15:00:00,57.2,230.2998796419221
2025-09-10 16:00:00,55.11,224.03253759288273
2025-09-10 17:00:00,44.3,206.11777574332604
2025-09-11 08:00:00,33.23,171.4720715936528
2025-09-11 09:00:00,45.24,191.8771753754679
2025-09-11 10:00:00,58.16,215.9018832059436
2025-09-11 11:00:00,56.95,212.88357460787998
2025-09-11 12:00:00,43.31,206.6575531841679
2025-09-11 13:00:00,48.28,212.37541026236565
2025-09-11 14:00:00,60.06,227.31050057578028
2025-09-11 15:00:00,63.81,235.04644661974942
2025-09-11 16:00:00,62.92,237.73477236493935
2025-09-11 17:00:00,55.32,229.4259859736767
2025-09-12 08:00:00,31.69,177.9084961516012
2025-09-12 09:00:00,50.27,199.48695877695997
2025-09-12 10:00:00,56.73,215.04283590692626
2025-09-12 11:00:00,57.82,214.17214555640598
2025-09-12 12:00:00,37.83,199.759312489507
2025-09-12 13:00:00,35.15,194.45994981339769
2025-09-12 14:00:00,52.57,225.69282114038845
2025-09-12 15:00:00,54.77,224.77611414199166
2025-09-12 16:00:00,50.92,234.9324038492471
2025-09-12 17:00:00,37.86,209.61833672898132
2025-09-15 08:00:00,27.91,173.9662332782662
2025-09-15 09:00:00,36.96,190.54939720367912
2025-09-15 10:00:00,45.21,209.99768187412565
2025-09-15 11:00:00,45.89,208.86806333274825
2025-09-15 12:00:00,41.88,211.31156411386064
2025-09-15 13:00:00,42.98,208.1492789751955
2025-09-15 14:00:00,61.29,225.92180328571266
2025-09-15 15:00:00,67.31,229.19959185928442
2025-09-15 16:00:00,64.69,238.07936776415195
2025-09-15 17:00:00,56.48,233.22576018009335
2025-09-16 08:00:00,29.27,180.34267027336296
2025-09-16 09:00:00,41.97,201.28430123093244
2025-09-16 10:00:00,54.48,218.69378692774993
2025-09-16 11:00:00,57.59,216.53452562870365
2025-09-16 12:00:00,50.09,211.21033999750614
2025-09-16 13:00:00,55.13,218.44126413208664
2025-09-16 14:00:00,62.78,226.76663026416009
2025-09-16 15:00:00,63.7,233.11359019696042
2025-09-16 16:00:00,62.79,238.02571252920816
2025-09-16 17:00:00,56.83,227.88458499041596
2025-09-17 08:00:00,27.48,174.90765594848645
2025-09-17 09:00:00,43.12,195.40832608476416
2025-09-17 10:00:00,57.6,217.03433983464078
2025-09-17 11:00:00,59.19,214.4641212718145
2025-09-17 12:00:00,45.03,215.17883946321172
2025-09-17 13:00:00,48.77,217.1089488807042
2025-09-17 14:00:00,65.67,226.37579329509163
2025-09-17 15:00:00,69.89,234.0560401818748
2025-09-17 16:00:00,62.56,235.7183813786634
2025-09-17 17:00:00,51.73,216.08979126778513
2025-09-18 08:00:00,29.75,175.4910009799182
2025-09-18 09:00:00,53.23,194.86507212948783
2025-09-18 10:00:00,68.24,216.76093050496092
2025-09-18 11:00:00,69.95,215.0311928554233
2025-09-18 12:00:00,44.83,205.40886162911085
2025-09-18 13:00:00,46.14,208.39664384540612
2025-09-18 14:00:00,56.68,221.8272353898426
2025-09-18 15:00:00,60.37,234.83168479499508
2025-09-18 16:00:00,60.54,237.0707545092498
2025-09-18 17:00:00,54.16,226.18045419039314
2025-09-19 08:00:00,28.97,176.56795172409406
2025-09-19 09:00:00,48.7,196.59943881317702
2025-09-19 10:00:00,63.21,212.173426194702
2025-09-19 11:00:00,60.17,211.1498619718562
2025-09-19 12:00:00,40.1,202.8191902324957
2025-09-19 13:00:00,41.42,203.9074945562929
2025-09-19 14:00:00,72.58,228.2699630374404
2025-09-19 15:00:00,71.04,235.16079328186092
2025-09-19 16:00:00,62.6,238.3114994493738
2025-09-19 17:00:00,40.98,214.98776195557565
2025-09-22 08:00:00,22.42,166.71880828921599
2025-09-22 09:00:00,47.18,181.52659394999867
2025-09-22 10:00:00,69.91,209.88855211282228
2025-09-22 11:00:00,69.84,207.51452898902167
2025-09-22 12:00:00,57.79,197.50075287702532
2025-09-22 13:00:00,59.74,200.15496632354038
2025-09-22 14:00:00,72.81,220.10901369677578
2025-09-22 15:00:00,74.82,220.32308203382
2025-09-22 16:00:00,59.93,230.57094110855192
2025-09-22 17:00:00,57.67,222.482038015386
2025-09-23 08:00:00,30.8,167.13115535092177
2025-09-23 09:00:00,49.15,189.11171103487243
2025-09-23 10:00:00,60.28,206.23760109199864
2025-09-23 11:00:00,62.34,200.21262694737436
2025-09-23 12:00:00,54.7,190.41665390686262
2025-09-23 13:00:00,57.3,200.87389022169108
2025-09-23 14:00:00,62.98,214.09568260365444
2025-09-23 15:00:00,64.52,224.09359355727844
2025-09-23 16:00:00,62.93,231.61814454928881
2025-09-23 17:00:00,57.5,217.52503599666335
2025-09-24 08:00:00,28.55,173.92567754401404
2025-09-24 09:00:00,61.81,202.91368582151918
2025-09-24 10:00:00,77.13,216.59243859464635
2025-09-24 11:00:00,73.11,213.1384175518312
2025-09-24 12:00:00,61.74,222.32366203975488
2025-09-24 13:00:00,57.29,214.34245110887235
2025-09-24 14:00:00,63.41,227.53145119577744
2025-09-24 15:00:00,67.22,234.83168479499508
2025-09-24 16:00:00,66.57,236.62807593879012
2025-09-24 17:00:00,55.79,215.97697398230505
2025-09-25 08:00:00,34.53,174.87270415126198
2025-09-25 09:00:00,45.65,193.50693724129692
2025-09-25 10:00:00,62.84,215.9018832059436
2025-09-25 11:00:00,63.19,213.7426219068973
2025-09-25 12:00:00,51.66,203.5191703630806
2025-09-25 13:00:00,53.37,206.37073161509508
2025-09-25 14:00:00,75.78,220.23453882653354
2025-09-25 15:00:00,82.09,233.32835202171478
2025-09-25 16:00:00,80.83,235.96405808310058
2025-09-25 17:00:00,71.95,227.26229811815432
2025-09-26 08:00:00,34.86,175.1331563968355
2025-09-26 09:00:00,49.5,193.67550446339146
2025-09-26 10:00:00,57.22,205.10300635479103
2025-09-26 11:00:00,58.06,202.3118371719675
2025-09-26 12:00:00,40.29,180.35656215035942
2025-09-26 13:00:00,41.27,181.00926825470825
2025-09-26 14:00:00,57.55,218.1761572739868
2025-09-26 15:00:00,61.04,227.1002591038391
2025-09-26 16:00:00,58.75,233.16479888926932
2025-09-26 17:00:00,38.38,206.84299697421562
2025-09-30 08:00:00,42.76,169.96219426287345
2025-09-30 09:00:00,54.68,195.7513056872688
2025-09-30 10:00:00,68.68,213.75426495840028
2025-09-30 11:00:00,68.51,215.0311928554233
2025-09-30 12:00:00,64.81,212.65076160337708
2025-09-30 13:00:00,72.66,223.05100088018426
2025-09-30 14:00:00,81.69,226.33710661465142
2025-09-30 15:00:00,82.47,233.54311384646908
2025-09-30 16:00:00,81.21,238.46761376920256
2025-09-30 17:00:00,77.56,228.13725691709283
2025-10-01 08:00:00,47.41,151.03211828241518
2025-10-01 09:00:00,62.41,176.02456241673386
2025-10-01 10:00:00,77.72,201.5084366543871
2025-10-01 11:00:00,78.95,200.6377463038668
2025-10-01 12:00:00,73.63,199.8407757216989
2025-10-01 13:00:00,70.58,199.20045243269053
2025-10-01 14:00:00,73.92,210.01080364030594
2025-10-01 15:00:00,72.33,216.78728722261488
2025-10-01 16:00:00,68.37,218.26354604840515
2025-10-01 17:00:00,67.1,199.6296415051928
2025-10-02 08:00:00,43.09,153.65200383888026
2025-10-02 09:00:00,59.12,177.38269730492473
2025-10-02 10:00:00,73.28,201.5084366543871
2025-10-02 11:00:00,71.68,198.70488988107778
2025-10-02 12:00:00,62.6,192.54493440993696
2025-10-02 13:00:00,70.87,195.07496965713753
2025-10-02 14:00:00,77.02,212.27276854996074
2025-10-02 15:00:00,80.4,218.79735753605806
2025-10-02 16:00:00,78.3,220.3112987726597
2025-10-02 17:00:00,73.79,211.49224304591473
2025-10-03 08:00:00,45.57,158.55356895170166
2025-10-03 09:00:00,61.05,184.95457060449425
2025-10-03 10:00:00,69.56,200.0080522288463
2025-10-03 11:00:00,68.17,198.5425867660061
2025-10-03 12:00:00,53.9,185.97595861208333
2025-10-03 13:00:00,56.67,189.17791226217238
2025-10-03 14:00:00,73.69,213.87651648588394
2025-10-03 15:00:00,76.33,218.29061999589524
2025-10-03 16:00:00,75.37,223.2089311233858
2025-10-03 17:00:00,58.27,202.12826714498618
2025-10-07 08:00:00,45.99,159.64286042364006
2025-10-07 09:00:00,49.59,183.4800714332811
2025-10-07 10:00:00,61.28,200.64938935536972
2025-10-07 11:00:00,62.68,198.91965170583214
2025-10-07 12:00:00,61.22,193.29569558250694
2025-10-07 13:00:00,63.74,202.6917571441447
2025-10-07 14:00:00,71.57,211.08461276407758
2025-10-07 15:00:00,73.31,217.64633452163227
2025-10-07 16:00:00,70.43,221.66227678340533
2025-10-07 17:00:00,64.2,210.06746177115065
2025-10-08 08:00:00,42.6,154.6327057654807
2025-10-08 09:00:00,56.48,177.92595126020106
2025-10-08 10:00:00,72.52,200.00510388110675
2025-10-08 11:00:00,73.51,198.0606044068148
2025-10-08 12:00:00,66.09,196.66345105978178
2025-10-08 13:00:00,62.41,188.23872799572555
2025-10-08 14:00:00,67.27,200.341435070111
2025-10-08 15:00:00,74.06,211.20347977900227
2025-10-08 16:00:00,73.37,213.94051251942335
2025-10-08 17:00:00,67.67,195.1897391045365
2025-10-09 08:00:00,42.99,149.3239260382868
2025-10-09 09:00:00,58.23,169.23388797577954
2025-10-09 10:00:00,72.6,196.99843833454608
2025-10-09 11:00:00,71.33,195.4834625097628
2025-10-09 12:00:00,62.28,188.87727595272372
2025-10-09 13:00:00,64.41,192.11182487629006
2025-10-09 14:00:00,68.9,205.42329933004697
2025-10-09 15:00:00,71.43,213.99538350080857
2025-10-09 16:00:00,70.5,215.39284392653497
2025-10-09 17:00:00,61.15,205.1925805618871
2025-10-13 08:00:00,41.0,161.192409559128
2025-10-13 09:00:00,50.7,178.8558627513717
2025-10-13 10:00:00,63.66,202.15272212865008
2025-10-13 11:00:00,64.11,200.8525081286211
2025-10-13 12:00:00,55.66,206.93280251474465
2025-10-13 13:00:00,63.14,202.59930965828957
2025-10-13 14:00:00,66.88,213.0174691868666
2025-10-13 15:00:00,65.7,213.90245022413862
2025-10-13 16:00:00,65.93,222.25436176866015
2025-10-13 17:00:00,72.52,216.63952780554666
2025-10-14 08:00:00,37.98,156.18270175347692
2025-10-14 09:00:00,51.85,179.60697455271654
2025-10-14 10:00:00,63.55,201.29367482963275
2025-10-14 11:00:00,64.14,199.5639371800951
2025-10-14 12:00:00,60.19,194.71969782868933
2025-10-14 13:00:00,66.52,203.40353210626714
2025-10-14 14:00:00,71.87,213.2322310116209
2025-10-14 15:00:00,72.14,220.0087145939299
2025-10-14 16:00:00,69.0,224.31368422337192
2025-10-14 17:00:00,60.09,211.58349333121197
2025-10-15 08:00:00,30.74,153.6507273610083
2025-10-15 09:00:00,47.2,176.29618939437208
2025-10-15 10:00:00,60.5,199.34520036885462
2025-10-15 11:00:00,58.46,197.2168830460228
2025-10-15 12:00:00,46.93,198.98992801302495
2025-10-15 13:00:00,48.24,197.7310119833642
2025-10-15 14:00:00,54.8,210.06326234998858
2025-10-15 15:00:00,57.17,219.57919094442124
2025-10-15 16:00:00,53.47,218.7186022093506
2025-10-15 17:00:00,48.77,198.74166102506155
2025-10-16 14:00:00,57.34,210.06326234998858
2025-10-16 15:00:00,62.15,217.86109634638657
2025-10-16 16:00:00,60.68,219.81962963113187
2025-10-16 17:00:00,53.86,209.2494952909915
2025-10-17 08:00:00,30.5,156.70334244852455
2025-10-17 09:00:00,53.77,179.64846014427948
2025-10-17 10:00:00,63.73,197.8574856335634
2025-10-17 11:00:00,54.7,195.26870068500844
2025-10-17 12:00:00,42.21,177.23859409985766
2025-10-17 13:00:00,42.22,178.7179163350162
2025-10-17 14:00:00,53.27,210.86985093932327
2025-10-17 15:00:00,55.43,217.86109634638657
2025-10-17 16:00:00,53.04,223.42988174338302
2025-10-17 17:00:00,46.87,200.01571178127477
2025-10-20 08:00:00,22.31,139.71303157853845
2025-10-20 09:00:00,31.29,153.76114170896435
2025-10-20 10:00:00,43.03,182.1110520090717
2025-10-20 11:00:00,41.72,178.87798158625375
2025-10-20 12:00:00,33.19,170.91635535829136
2025-10-20 13:00:00,37.98,169.00516328002888
2025-10-20 14:00:00,50.32,191.97081036094198
2025-10-20 15:00:00,50.27,190.8910097504906
2025-10-20 16:00:00,51.72,202.3365804153142
2025-10-20 17:00:00,50.8,196.76710666354802
2025-10-21 08:00:00,46.31,136.67998924892083
2025-10-21 09:00:00,54.6,158.85824126397787
2025-10-21 10:00:00,60.41,179.81749235419946
2025-10-21 11:00:00,49.26,176.15489828187285
2025-10-21 12:00:00,49.11,167.88674187928427
2025-10-21 13:00:00,55.73,178.7934081473093
2025-10-21 14:00:00,60.3,187.460812041101
2025-10-21 15:00:00,59.71,194.88158109767292
2025-10-21 16:00:00,61.34,200.89291850366686
2025-10-21 17:00:00,53.41,188.33767607693778
2025-10-22 08:00:00,34.3,132.0472024626152
2025-10-22 09:00:00,52.32,155.10928513859457
2025-10-22 10:00:00,58.91,180.8913014779711
2025-10-22 11:00:00,56.12,177.8729928799075
2025-10-22 12:00:00,51.21,165.88446597088085
2025-10-22 13:00:00,46.86,165.37691955240044
2025-10-22 14:00:00,51.32,183.62705260997961
2025-10-22 15:00:00,51.82,195.31110474718164
2025-10-22 16:00:00,52.53,196.648378403496
2025-10-22 17:00:00,51.92,175.35817504827156
2025-10-23 08:00:00,31.57,138.8128799511311
2025-10-23 09:00:00,44.45,159.72694375844347
2025-10-23 10:00:00,58.87,183.89796702453177
2025-10-23 11:00:00,58.12,180.66489660171382
2025-10-23 12:00:00,45.62,164.17479469455407
2025-10-23 13:00:00,48.4,170.4680138560697
2025-10-23 14:00:00,58.41,191.28245965022506
2025-10-23 15:00:00,58.49,199.82110306702262
2025-10-23 16:00:00,54.01,202.33382609797428
2025-10-23 17:00:00,47.34,192.21045342875277
2025-10-27 08:00:00,29.37,140.8788741234501
2025-10-27 09:00:00,37.3,154.71565294727796
2025-10-27 10:00:00,48.43,179.1732068799365
2025-10-27 11:00:00,47.13,175.94013645711854
2025-10-27 12:00:00,44.03,166.941330986306
2025-10-27 13:00:00,43.51,167.8252408927149
2025-10-27 14:00:00,52.71,188.53462116487265
2025-10-27 15:00:00,53.44,185.13327364748662
2025-10-27 16:00:00,58.4,197.1034345644414
2025-10-27 17:00:00,54.91,190.83118866009391
2025-10-28 08:00:00,38.07,133.53439045786337
2025-10-28 09:00:00,49.51,156.09174349214604
2025-10-28 10:00:00,62.85,177.66987410665612
2025-10-28 11:00:00,64.79,175.2958509828555
2025-10-28 12:00:00,60.28,164.33507749834956
2025-10-28 13:00:00,65.06,178.09225752016246
2025-10-28 14:00:00,69.11,186.60176474208362
2025-10-28 15:00:00,74.6,193.80777197390128
2025-10-28 16:00:00,78.99,199.12531354368912
2025-10-28 17:00:00,73.06,185.30561295681508
2025-10-29 08:00:00,32.73,131.0652240581428
2025-10-29 09:00:00,52.22,157.01067398206172
2025-10-29 10:00:00,135.3,181.32082512747982
2025-10-29 11:00:00,177.21,181.52394390073115
2025-10-29 12:00:00,171.69,172.03005171837452
2025-10-29 13:00:00,169.42,171.6397413647346
2025-10-29 14:00:00,191.77,189.73580531024453
2025-10-29 15:00:00,199.41,200.03586489177692
2025-10-29 16:00:00,177.97,200.0612996105869
2025-10-29 17:00:00,122.82,178.31810998204247
2025-10-30 08:00:00,140.25,142.83180933739652
2025-10-30 09:00:00,120.37,163.52972144537793
2025-10-30 10:00:00,190.86,188.83748899388146
2025-10-30 11:00:00,175.55,187.5372749938525
2025-10-30 12:00:00,157.89,175.58452479747973
2025-10-30 13:00:00,164.58,179.8016867461299
2025-10-30 14:00:00,167.77,197.91097825014157
2025-10-30 15:00:00,176.65,208.4115760571959
2025-10-30 16:00:00,182.26,211.8514153628575
2025-10-30 17:00:00,179.01,201.94704877860352
2025-10-31 08:00:00,40.12,145.60198342946165
2025-10-31 09:00:00,63.4,170.51400582498204
2025-10-31 10:00:00,177.95,183.68320519977746
2025-10-31 11:00:00,176.77,180.45013477695952
2025-10-31 12:00:00,154.09,150.77502032155235
2025-10-31 13:00:00,158.19,159.2335541801526
2025-10-31 14:00:00,176.61,191.326524886679
2025-10-31 15:00:00,148.29,195.56585479038208
2025-10-31 16:00:00,131.69,200.19070286295675
2025-10-31 17:00:00,126.64,171.10036237742975
2025-11-03 08:00:00,22.16,43.34567945369503
2025-11-03 09:00:00,32.08,60.40122027250201
2025-11-03 10:00:00,51.85,93.25617828108442
2025-11-03 11:00:00,51.12,88.48005263502849
2025-11-03 12:00:00,45.31,75.79903934729508
2025-11-03 13:00:00,44.85,74.19805658966301
2025-11-03 14:00:00,56.56,99.82568884421427
2025-11-03 15:00:00,63.3,98.5812616512222
2025-11-03 16:00:00,64.18,110.59620147839124
2025-11-03 17:00:00,62.81,101.3839436967856
2025-11-04 08:00:00,30.9,50.39409986476622
2025-11-04 09:00:00,75.48,73.42893224957001
2025-11-04 10:00:00,78.23,97.12189112666242
2025-11-04 11:00:00,70.25,93.88882070384447
2025-11-04 12:00:00,52.22,82.22453482896763
2025-11-04 13:00:00,56.81,95.04358161611573
2025-11-04 14:00:00,63.64,106.05378176208991
2025-11-04 15:00:00,66.25,113.25978899390756
2025-11-04 16:00:00,68.27,117.78636001234977
2025-11-04 17:00:00,66.03,104.56826572562909
2025-11-05 08:00:00,25.47,46.31383530236161
2025-11-05 09:00:00,45.25,72.6980096754767
2025-11-05 10:00:00,56.28,97.55141477617111
2025-11-05 11:00:00,55.98,97.96929537417681
2025-11-05 12:00:00,60.67,91.96401362462815
2025-11-05 13:00:00,136.47,91.78380111295108
2025-11-05 14:00:00,111.5,107.07114805892188
2025-11-05 15:00:00,112.37,116.26645454046823
2025-11-05 16:00:00,122.49,116.74694542022365
2025-11-05 17:00:00,72.4,95.14068661748794
2025-11-06 08:00:00,110.48,59.0623989860878
2025-11-06 09:00:00,141.02,80.84681900462189
2025-11-06 10:00:00,146.85,103.77950769404676
2025-11-06 11:00:00,145.35,100.76119909598312
2025-11-06 12:00:00,132.11,90.30093345903636
2025-11-06 13:00:00,120.83,93.67997633427272
2025-11-06 14:00:00,150.75,109.94350611888574
2025-11-06 15:00:00,150.6,119.05835826227457
2025-11-06 16:00:00,156.21,122.54852288080275
2025-11-06 17:00:00,145.55,111.68657486072763
2025-11-07 08:00:00,33.03,67.07488150382153
2025-11-07 09:00:00,122.06,92.0889708928174
2025-11-07 10:00:00,131.23,110.22236243667673
2025-11-07 11:00:00,130.69,108.27786296238476
2025-11-07 12:00:00,121.48,83.28082570215828
2025-11-07 13:00:00,124.83,83.8078125754863
2025-11-07 14:00:00,144.15,117.01392595879669
2025-11-07 15:00:00,143.7,123.0966137048996
2025-11-07 16:00:00,143.29,127.01168923403989
2025-11-07 17:00:00,133.29,100.0182064166531
2025-11-10 08:00:00,31.85,54.97867487985897
2025-11-10 09:00:00,41.82,68.12791413166099
2025-11-10 10:00:00,56.85,96.26284382764509
2025-11-10 11:00:00,59.15,93.45929705433583
2025-11-10 12:00:00,44.2,85.15723195523653
2025-11-10 13:00:00,43.62,83.24328159988742
2025-11-10 14:00:00,60.41,104.12092533930094
2025-11-10 15:00:00,63.86,102.78816541410325
2025-11-10 16:00:00,69.6,114.35896932729855
2025-11-10 17:00:00,65.93,107.0617783087852
2025-11-11 08:00:00,37.89,56.999857325986795
2025-11-11 09:00:00,47.2,78.68527801605049
2025-11-11 10:00:00,85.07,99.05474754945142
2025-11-11 11:00:00,82.54,95.39215347712481
2025-11-11 12:00:00,64.28,80.72975650303748
2025-11-11 13:00:00,69.95,93.68233344631714
2025-11-11 14:00:00,76.36,107.12759088586158
2025-11-11 15:00:00,78.09,113.90407446817056
2025-11-11 16:00:00,79.19,119.99586621232197
2025-11-11 17:00:00,71.43,107.60032884575179
2025-11-12 08:00:00,124.17,60.38885909979959
2025-11-12 09:00:00,144.6,82.7482078480891
2025-11-12 10:00:00,153.92,108.28950601388776
2025-11-12 11:00:00,153.22,106.77453018910445
2025-11-12 12:00:00,152.55,104.74821489167415
2025-11-12 13:00:00,165.45,106.57714687252705
2025-11-12 14:00:00,166.59,116.79187299980656
2025-11-12 15:00:00,167.21,123.13883293260687
2025-11-12 16:00:00,167.35,121.0699789492055
2025-11-12 17:00:00,132.9,98.1006215512588
2025-11-13 08:00:00,44.68,50.71539179922888
2025-11-13 09:00:00,60.21,69.16685896618043
2025-11-13 10:00:00,76.34,94.97427287911908
2025-11-13 11:00:00,76.27,91.31167880679247
2025-11-13 12:00:00,64.28,76.0983658938976
2025-11-13 13:00:00,71.2,82.06068569257907
2025-11-13 14:00:00,80.05,101.98928379898588
2025-11-13 15:00:00,84.39,110.8974089216099
2025-11-13 16:00:00,87.04,113.91629075683889
2025-11-13 17:00:00,75.31,100.86813558311576
2025-11-14 08:00:00,45.8,54.12329598158149
2025-11-14 09:00:00,59.54,79.45537455897275
2025-11-14 10:00:00,68.83,98.41046207518845
2025-11-14 11:00:00,68.32,93.02977340482714
2025-11-14 12:00:00,39.55,61.16040664700829
2025-11-14 13:00:00,35.59,64.3984971828858
2025-11-14 14:00:00,46.02,106.91282906110725
2025-11-14 15:00:00,51.02,113.04502716915326
2025-11-14 16:00:00,55.27,119.55396497232755
2025-11-14 17:00:00,44.21,98.12167701362142
2025-11-17 08:00:00,122.45,51.20422271105923
2025-11-17 09:00:00,109.46,72.71769576500392
2025-11-17 10:00:00,127.16,96.98529757467712
2025-11-17 11:00:00,149.45,92.15953058855006
2025-11-17 12:00:00,133.24,80.46099007189802
2025-11-17 13:00:00,130.7,78.0701852462983
2025-11-17 14:00:00,148.71,100.26728496544153
2025-11-17 15:00:00,141.05,100.71497734831405
2025-11-17 16:00:00,132.44,114.24413653502367
2025-11-17 17:00:00,71.33,105.4401147561363
2025-11-18 08:00:00,47.49,42.21554300801688
2025-11-18 09:00:00,43.15,65.40608871125778
2025-11-18 10:00:00,53.96,88.96094178599778
2025-11-18 11:00:00,55.96,86.58691866219716
2025-11-18 12:00:00,53.43,68.23472927326101
2025-11-18 13:00:00,56.48,83.34967699009884
2025-11-18 14:00:00,63.52,97.03378512240793
2025-11-18 15:00:00,57.36,103.59550687996258
2025-11-18 16:00:00,63.45,108.94833521246105
2025-11-18 17:00:00,61.48,94.96673251190714
2025-11-19 08:00:00,24.33,26.01961494326511
2025-11-19 09:00:00,43.35,53.95574821844276
2025-11-19 10:00:00,53.66,80.66559205798553
2025-11-19 11:00:00,53.18,76.54871915517872
2025-11-19 12:00:00,55.98,57.13393718170694
2025-11-19 13:00:00,116.23,58.36286364469869
2025-11-19 14:00:00,104.19,81.14857704080141
2025-11-19 15:00:00,90.46,98.87074673536728
2025-11-19 16:00:00,105.66,97.17937012988094
2025-11-19 17:00:00,65.68,70.74657644318106
2025-11-20 08:00:00,92.85,36.18541632580781
2025-11-20 09:00:00,119.67,58.57340683829168
2025-11-20 10:00:00,125.95,87.67237083747177
2025-11-20 11:00:00,124.9,85.29834771367119
2025-11-20 12:00:00,112.91,66.81620770499013
2025-11-20 13:00:00,103.67,72.81286437758395
2025-11-20 14:00:00,139.35,91.16616174653244
2025-11-20 15:00:00,118.8,103.43200852514721
2025-11-20 16:00:00,133.38,106.28065371847816
2025-11-20 17:00:00,123.94,91.75836166079227
2025-11-24 08:00:00,29.99,57.98004386224187
2025-11-24 09:00:00,39.64,74.20110234483579
2025-11-24 10:00:00,93.76,100.77209847773237
2025-11-24 11:00:00,109.37,100.41138611487825
2025-11-24 12:00:00,100.45,98.6936104998971
2025-11-24 13:00:00,115.65,97.86916254722532
2025-11-24 14:00:00,132.12,113.99996927800022
2025-11-24 15:00:00,137.53,110.55875599636934
2025-11-24 16:00:00,136.92,121.75256319062368
2025-11-24 17:00:00,91.11,116.26503492875489
2025-11-25 08:00:00,36.49,49.45042022744897
2025-11-25 09:00:00,46.83,71.49238380928773
2025-11-25 10:00:00,63.7,93.25617828108442
2025-11-25 11:00:00,59.15,89.16406055924917
2025-11-25 12:00:00,49.06,73.46520578805116
2025-11-25 13:00:00,54.28,88.63615238630355
2025-11-25 14:00:00,68.89,101.11425979274027
2025-11-25 15:00:00,74.37,107.24645790078625
2025-11-25 16:00:00,76.09,112.26259451241935
2025-11-25 17:00:00,71.1,98.75681141206053
2025-11-26 08:00:00,41.14,34.85742058351684
2025-11-26 09:00:00,43.6,62.64781150286431
2025-11-26 10:00:00,53.72,89.06171561787981
2025-11-26 11:00:00,52.24,87.59625015503964
2025-11-26 12:00:00,46.74,77.37915972553871
2025-11-26 13:00:00,44.89,80.12413725229679
2025-11-26 14:00:00,50.84,99.33787635901923
2025-11-26 15:00:00,54.27,108.10550519980362
2025-11-26 16:00:00,57.31,109.01099068415087
2025-11-26 17:00:00,55.73,83.89293386915861
2025-11-27 08:00:00,26.95,45.45986875565106
2025-11-27 09:00:00,39.12,67.53709710035142
2025-11-27 10:00:00,56.6,94.97427287911908
2025-11-27 11:00:00,54.76,92.6002497553185
2025-11-27 12:00:00,44.92,73.62122049826245
2025-11-27 13:00:00,62.24,77.64776918712683
2025-11-27 14:00:00,60.21,98.45407387903039
2025-11-27 15:00:00,60.97,108.32026702455792
2025-11-27 16:00:00,62.86,110.81754076362105
2025-11-27 17:00:00,59.2,97.35214281789189
2025-11-28 10:00:00,52.42,90.03475090976947
2025-11-28 11:00:00,51.18,88.30501326023183
2025-11-28 12:00:00,38.84,54.93208071434633
2025-11-28 13:00:00,34.1,59.40390931303317
2025-11-28 14:00:00,51.73,99.3961651947056
2025-11-28 15:00:00,60.66,107.67598155029492
2025-11-28 16:00:00,119.31,112.70449575241378
2025-11-28 17:00:00,127.02,83.0490028573578
2025-12-01 08:00:00,28.52,27.516611328351814
2025-12-01 09:00:00,47.35,41.32121271132997
2025-12-01 10:00:00,46.91,77.04075166299133
2025-12-01 11:00:00,47.08,76.59958496197974
2025-12-01 12:00:00,67.4,71.9763270101242
2025-12-01 13:00:00,99.76,73.37916197652878
2025-12-01 14:00:00,120.72,93.7040679895748
2025-12-01 15:00:00,126.98,92.31462916991381
2025-12-01 16:00:00,132.22,100.16582643121387
2025-12-01 17:00:00,110.46,92.95618639777516
2025-12-02 08:00:00,28.45,34.56269974802723
2025-12-02 09:00:00,108.66,58.47667063002846
2025-12-02 10:00:00,137.0,82.40979728184966
2025-12-02 11:00:00,140.18,80.89482145706641
2025-12-02 12:00:00,142.16,66.49798145485751
2025-12-02 13:00:00,147.71,79.08740042542833
2025-12-02 14:00:00,177.06,91.55644974203149
2025-12-02 15:00:00,151.0,98.11817149958614
2025-12-02 16:00:00,142.4,101.61425496095686
2025-12-02 17:00:00,109.81,88.11286596764012
2025-12-03 08:00:00,31.65,15.502030518022707
2025-12-03 09:00:00,47.27,40.85464744691826
2025-12-03 10:00:00,57.76,67.80774630655092
2025-12-03 11:00:00,53.53,64.13277464373853
2025-12-03 12:00:00,49.68,55.81022054531904
2025-12-03 13:00:00,68.22,59.128543432186135
2025-12-03 14:00:00,66.16,78.02645478250851
2025-12-03 15:00:00,68.24,85.66198566383483
2025-12-03 16:00:00,70.12,86.28661352237745
2025-12-03 17:00:00,62.57,60.55029810362049
2025-12-04 08:00:00,29.78,18.775805348762503
2025-12-04 09:00:00,45.11,41.12627442455642
2025-12-04 10:00:00,56.04,70.81265874511571
2025-12-04 11:00:00,56.93,69.72720656984107
2025-12-04 12:00:00,49.44,50.04341051349469
2025-12-04 13:00:00,54.85,57.1006240714927
2025-12-04 14:00:00,61.1,78.30485766768761
2025-12-04 15:00:00,65.86,88.0243657361325
2025-12-04 16:00:00,71.78,90.8853885199492
2025-12-04 17:00:00,65.8,76.6583126251752
2025-12-05 08:00:00,30.93,23.23854410022051
2025-12-05 09:00:00,41.61,49.01025041430206
2025-12-05 10:00:00,52.58,65.67425875748926
2025-12-05 11:00:00,51.38,62.214048919431214
2025-12-05 12:00:00,34.74,27.571609982042318
2025-12-05 13:00:00,36.9,31.336876488804688
2025-12-05 14:00:00,57.83,77.42105518769871
2025-12-05 15:00:00,64.46,81.3578777942542
2025-12-05 16:00:00,128.59,86.23786091054379
2025-12-05 17:00:00,127.44,49.405026150784096
2025-12-08 08:00:00,29.24,31.555483569863583
2025-12-08 09:00:00,40.15,49.97262345572924
2025-12-08 10:00:00,55.3,75.10789524020235
2025-12-08 11:00:00,52.04,72.94863394115607
2025-12-08 12:00:00,45.91,62.717155126068874
2025-12-08 13:00:00,46.59,60.35783539211086
2025-12-08 14:00:00,61.08,84.89883317464718
2025-12-08 15:00:00,67.6,83.90082164415176
2025-12-08 16:00:00,62.53,95.53351350977593
2025-12-08 17:00:00,60.8,88.2185970927041
2025-12-09 08:00:00,31.01,23.867663858431968
2025-12-09 09:00:00,37.87,47.41067954270114
2025-12-09 10:00:00,51.5,70.81265874511571
2025-12-09 11:00:00,50.88,68.22387379656074
2025-12-09 12:00:00,48.42,52.550044082083744
2025-12-09 13:00:00,50.19,69.47562697778336
2025-12-09 14:00:00,56.38,82.32169127759518
2025-12-09 15:00:00,62.11,90.81626945793883
2025-12-09 16:00:00,66.26,96.09048946102644
2025-12-09 17:00:00,57.72,81.29072394736406
2025-12-10 08:00:00,27.09,20.45651137994605
2025-12-10 09:00:00,43.06,50.67848749450253
2025-12-10 10:00:00,55.35,77.47027531250002
2025-12-10 11:00:00,132.51,79.60625050854036
2025-12-10 12:00:00,127.82,73.43552722552754
2025-12-10 13:00:00,122.42,76.47038469133629
2025-12-10 14:00:00,146.27,89.40883149448815
2025-12-10 15:00:00,129.14,96.40007690155147
2025-12-10 16:00:00,131.16,96.07032098270474
2025-12-10 17:00:00,86.2,70.61407687844152
2025-12-11 08:00:00,32.33,26.948364232869466
2025-12-11 09:00:00,45.37,50.67848749450253
2025-12-11 10:00:00,58.58,75.53741888971099
2025-12-11 11:00:00,57.82,74.88149036394508
2025-12-11 12:00:00,45.84,58.06105869392901
2025-12-11 13:00:00,46.83,64.45442695457048
2025-12-11 14:00:00,62.72,84.27052440761246
2025-12-11 15:00:00,74.69,94.0376968292538
2025-12-11 16:00:00,78.78,95.53351350977593
2025-12-11 17:00:00,74.29,82.06753226398112
2025-12-12 08:00:00,33.35,30.85385708067662
2025-12-12 09:00:00,46.99,56.17783278070767
2025-12-12 10:00:00,58.09,74.67837159069369
2025-12-12 11:00:00,57.59,70.80101569361274
2025-12-12 12:00:00,46.9,35.54380334647466
2025-12-12 13:00:00,46.17,39.21507192889591
2025-12-12 14:00:00,62.45,80.60359667956054
2025-12-12 15:00:00,65.72,88.45388938564119
2025-12-12 16:00:00,60.68,93.43908202105982
2025-12-12 17:00:00,42.51,59.171615735565325
2025-12-15 08:00:00,20.18,9.441789038392699
2025-12-15 09:00:00,28.43,28.29165083663205
2025-12-15 10:00:00,44.18,71.02742056987002
2025-12-15 11:00:00,41.81,69.51244474508674
2025-12-15 12:00:00,32.27,59.239498748458416
2025-12-15 13:00:00,31.49,60.634873834526715
2025-12-15 14:00:00,39.6,83.61026222612118
2025-12-15 15:00:00,39.78,82.7322372655737
2025-12-15 16:00:00,42.22,93.09878137224763
2025-12-15 17:00:00,46.8,85.1958619381644
2025-12-16 08:00:00,28.03,16.318226759894145
2025-12-16 09:00:00,34.28,45.47413110241889
2025-12-16 10:00:00,45.06,73.604562466922
2025-12-16 11:00:00,43.68,74.23720488968206
2025-12-16 12:00:00,44.72,61.26750494006734
2025-12-16 13:00:00,46.8,77.40534007209044
2025-12-16 14:00:00,48.47,90.69740244301417
2025-12-16 15:00:00,55.73,97.2591242005688
2025-12-16 16:00:00,56.35,100.06760062097638
2025-12-16 17:00:00,56.8,84.82813092084052
2025-12-17 08:00:00,25.88,16.15668278767098
2025-12-17 09:00:00,43.35,50.63321864189247
2025-12-17 10:00:00,47.68,79.61789356004331
2025-12-17 11:00:00,46.33,78.10291773526004
2025-12-17 12:00:00,39.48,68.80305378688716
2025-12-17 13:00:00,36.54,70.54904895635379
2025-12-17 14:00:00,64.0,89.83835514399684
2025-12-17 15:00:00,52.92,97.0443623758145
2025-12-17 16:00:00,42.4,95.61526482175933
2025-12-17 17:00:00,44.91,70.6140768784415
2025-12-18 08:00:00,30.79,25.577070463980867
2025-12-18 09:00:00,36.89,46.55881397731987
2025-12-18 10:00:00,46.27,75.75218071446535
2025-12-18 11:00:00,47.84,72.73387211640173
2025-12-18 12:00:00,38.01,52.81875026826043
2025-12-18 13:00:00,38.87,59.64617122332731
2025-12-18 14:00:00,47.76,80.51436386765977
2025-12-18 15:00:00,49.1,88.45388938564119
2025-12-18 16:00:00,49.63,92.21342423132828
2025-12-18 17:00:00,45.89,78.55153949875725
